accession,date made public,article reference,PubMed ID,Data Collection Article DOI,in ISI Web of Science? (Y/N),How many merged citation records?,WoS Cited by how many?,COMMENTS,Dropbox filenames (for multiple files or multiple citations),Google Scholar Search Term,Search results,Imported to Mendeley?
E-MEXP-310,4/25/2005,Maria Marcela Baudo; Rebecca Lyons; Stephen Powers; Melloney McCluskey; Keith Edwards; Michael Holdsworth; Peter Shewry.,,,,,,primary citation on Array Express database only had author's names and no journal references - INCOMPLETE,,E-MEXP-310,0
E-TABM-24,7/28/2005,"Cayrol C, Lacroix C, Mathe C, Ecochard V, Ceribelli M, Loreau E, Lazar V,
Dessen P, Mantovani R, Aguilar L, Girard JP. The THAP-zinc finger protein THAP1
regulates endothelial cell proliferation through modulation of pRB/E2F cell-cycle
target genes. Blood. 2007 Jan 15;109(2):584-94. Epub 2006 Sep 26. PubMed PMID:
17003378.",17003378,,y ,1,24,,,E-TABM-24,0
E-MEXP-437,9/28/2005,"Le Quéré A, Eriksen KA, Rajashekar B, Schützendübel A, Canbäck B, Johansson T,
Tunlid A. Screening for rapidly evolving genes in the ectomycorrhizal fungus
Paxillus involutus using cDNA microarrays. Mol Ecol. 2006 Feb;15(2):535-50.
PubMed PMID: 16448419.",16448419,,y ,1,14,,,E-MEXP-437,0
E-MEXP-116,2/14/2005,"Transcriptome analysis provides new insights into liver changes induced in the rat upon dietary administration of the food additives butylated hydroxytoluene, curcumin, propyl gallate and thiabendazole. Stierum R, Conesa A, Heijne W, Ommen BV, Junker K, Scott MP, Price RJ, Meredith C, Lake BG, Groten J. Food Chem Toxicol.  (Food Chem Toxicol.) (-)",18539377,,y ,1,1,,,E-MEXP-116,0
E-MEXP-432,10/6/2005,"Leibfried A, To JP, Busch W, Stehling S, Kehle A, Demar M, Kieber JJ, Lohmann 
JU. WUSCHEL controls meristem function by direct regulation of
cytokinin-inducible response regulators. Nature. 2005 Dec 22;438(7071):1172-5.
PubMed PMID: 16372013.
",16372013,,y ,1,145,,,E-MEXP-432,1,y
E-MEXP-416,9/2/2005,citation missing 
E-TABM-61,11/17/2005,"Yu BX. [Examination of maximum transdiaphragmatic pressure, diaphragm
electromyography in patients with obstructive emphysema]. Zhonghua Jie He He Hu
Xi Za Zhi. 1992 Jun;15(3):155-7, 191. Chinese. PubMed PMID: 1473188.",1473188,,y,1,1,,,E-TABM-61,2,y
E-MEXP-442,10/6/2005,"Pir P, Kirdar B, Hayes A, Onsan ZY, Ulgen KO, Oliver SG. Integrative
investigation of metabolic and transcriptomic data. BMC Bioinformatics. 2006 Apr 
12;7:203. PubMed PMID: 16611354; PubMed Central PMCID: PMC1481621.
",16611354,,y,1,15,,,E-MEXP-442,0
E-TIGR-122,12/1/2005,"Independence and reproducibility across microarray platforms. Jennie E Larkin, Bryan C Frank, Haralambos Gavras, Razvan Sultana and John Quackenbush. Nat Methods 2:337 - 344 (Nat Methods)",,10.1038/NMETH757,y,3,222,,,E-TIGR-122,0
E-MEXP-468,11/4/2005,"Capela D, Filipe C, Bobik C, Batut J, Bruand C. Sinorhizobium meliloti
differentiation during symbiosis with alfalfa: a transcriptomic dissection. Mol
Plant Microbe Interact. 2006 Apr;19(4):363-72. PubMed PMID: 16610739.
",16610739,,y,1,26,,,E-MEXP-468,0
E-MEXP-469,11/28/2005,"Schommer C, Palatnik JF, Aggarwal P, Chételat A, Cubas P, Farmer EE, Nath U,
Weigel D. Control of jasmonate biosynthesis and senescence by miR319 targets.
PLoS Biol. 2008 Sep 23;6(9):e230. PubMed PMID: 18816164; PubMed Central PMCID:
PMC2553836.
",18816164,,y,3,38,,,E-MEXP-469,0
E-MEXP-370,8/1/2005,"Delahaye NF, Coltel N, Puthier D, Flori L, Houlgatte R, Iraqi FA, Nguyen C,
Grau GE, Rihet P. Gene-expression profiling discriminates between cerebral
malaria (CM)-susceptible mice and CM-resistant mice. J Infect Dis. 2006 Jan
15;193(2):312-21. Epub 2005 Dec 5. PubMed PMID: 16362897.
",16362897,,y,1,1,,,E-MEXP-370,0
E-TABM-29,8/16/2005,"Cummings CA, Bootsma HJ, Relman DA, Miller JF. Species- and strain-specific
control of a complex, flexible regulon by Bordetella BvgAS. J Bacteriol. 2006
Mar;188(5):1775-85. PubMed PMID: 16484188; PubMed Central PMCID: PMC1426559.
",16484188,,y,1,1,,,E-TABM-29,1,y
E-MEXP-283,3/30/2005,citation missing 
E-CAGE-21,9/7/2005,citation missing
E-MEXP-350,6/6/2005,"Microarray analysis of differentially expressed genes after exposure of normal human fibroblasts to ionizing radiation from an external source and from DNA-incorporated iodine-125 radionuclide. Sokolov MV, Smirnova NA, Camerini-Otero RD, Neumann RD, Panyutin IG. Gene 382:47-56 (Gene), PubMed 16876969",16876969,,y,1,12,,,E-MEXP-350,1,y
E-MEXP-439,9/30/2005,Genome Biol ,,,,,,primary citation on Array Express database only had journal reference - INCOMPLETE,,,0
E-MEXP-301,4/13/2005,Nils Rostoks; Peter Hedley; Hui Liu; Robbie Waugh.,,,,,,primary citation on Array Express database only had author's names - INCOMPLETE
E-CAGE-52,10/20/2005,citation missing
E-MNIA-73,9/21/2005,"High-throughput screen for genes predominantly expressed in the ICM of mouse blastocysts by whole mount in situ hybridization. Yoshikawa,Toshiyuki ;Yulan Piao;Jinhui Zhong;Ryo Matoba;Mark G. Carter;Yuxia Wang;Ilya Goldberg;Minoru S.H. Ko. Mech Dev  (Mech Dev)",16325481,,n,,,not found in ISI Web of Science database
E-MEXP-483,11/17/2005,"Meletis K, Wirta V, Hede SM, Nistér M, Lundeberg J, Frisén J. p53 suppresses
the self-renewal of adult neural stem cells. Development. 2006 Jan;133(2):363-9. 
PubMed PMID: 16368933.",16368933,,y,1,92,,,E-MEXP-483,0
E-RZPD-18,6/3/2005,citation missing 
E-MEXP-257,1/28/2005,"Cobb J, Duboule D. Comparative analysis of genes downstream of the Hoxd
cluster in developing digits and external genitalia. Development. 2005
Jul;132(13):3055-67. PubMed PMID: 15944189.
",15944189,,y,1,35,,,E-MEXP-257,0
E-TABM-56,11/11/2005,"Sandmann T, Jensen LJ, Jakobsen JS, Karzynski MM, Eichenlaub MP, Bork P,
Furlong EE. A temporal map of transcription factor activity: mef2 directly
regulates target genes at all stages of muscle development. Dev Cell. 2006
Jun;10(6):797-807. PubMed PMID: 16740481.
",16740481,,y,1,62,,,E-TABM-56,1,y
E-MEXP-324,5/9/2005,"Smirnova JB, Selley JN, Sanchez-Cabo F, Carroll K, Eddy AA, McCarthy JE,
Hubbard SJ, Pavitt GD, Grant CM, Ashe MP. Global gene expression profiling
reveals widespread yet distinctive translational responses to different
eukaryotic translation initiation factor 2B-targeting stress pathways. Mol Cell
Biol. 2005 Nov;25(21):9340-9. PubMed PMID: 16227585; PubMed Central PMCID:
PMC1265828.
",16227585,,y,1,33,,,E-MEXP-324,1,y
E-MEXP-268,2/22/2005,"Ijäs P, Nuotio K, Saksi J, Soinne L, Saimanen E, Karjalainen-Lindsberg ML,
Salonen O, Sarna S, Tuimala J, Kovanen PT, Kaste M, Lindsberg PJ. Microarray
analysis reveals overexpression of CD163 and HO-1 in symptomatic carotid plaques.
Arterioscler Thromb Vasc Biol. 2007 Jan;27(1):154-60. Epub 2006 Nov 9. PubMed
PMID: 17095719.
",17095719,,y,2,10,,,E-MEXP-268,3,y
E-TOXM-17,10/7/2005,"Laboratory variability does not preclude identification of biological functions impacted by hydroxyurea. Muller A, Boitier E, Hu T, Carr GJ, Le Fevre AC, Marchandeau JP, Flor M, Jefferson F, Aardema MJ, Thybaud V. Environ Mol Mutagen 46(3):121-140 (Environ Mol Mutagen)",16127667,,y,1,6,,,E-TOXM-17,0
E-MEXP-429,9/26/2005,"Borrello MG, Alberti L, Fischer A, Degl'innocenti D, Ferrario C, Gariboldi M, 
Marchesi F, Allavena P, Greco A, Collini P, Pilotti S, Cassinelli G, Bressan P,
Fugazzola L, Mantovani A, Pierotti MA. Induction of a proinflammatory program in 
normal human thyrocytes by the RET/PTC1 oncogene. Proc Natl Acad Sci U S A. 2005 
Oct 11;102(41):14825-30. Epub 2005 Oct 3. PubMed PMID: 16203990; PubMed Central
PMCID: PMC1253545.
",16203990,,y,2,65,,,E-MEXP-429,3,y
E-TABM-42,10/18/2005,"Calin GA, Ferracin M, Cimmino A, Di Leva G, Shimizu M, Wojcik SE, Iorio MV,
Visone R, Sever NI, Fabbri M, Iuliano R, Palumbo T, Pichiorri F, Roldo C, Garzon 
R, Sevignani C, Rassenti L, Alder H, Volinia S, Liu CG, Kipps TJ, Negrini M,
Croce CM. A MicroRNA signature associated with prognosis and progression in
chronic lymphocytic leukemia. N Engl J Med. 2005 Oct 27;353(17):1793-801. Erratum
in: N Engl J Med. 2006 Aug 3;355(5):533. PubMed PMID: 16251535.",16251535,,y,3,606,2 dropbox files: (E-TABM-42_files1to500) and (E-TABM-42_files501to606),,E-TABM-42,0
E-MEXP-233,3/16/2005,citation missing 
E-MEXP-438,10/1/2005,"Two major branches of anti-cadmium defense in the mouse: MTF-1/metallothioneins and glutathione. Wimmer, Ursula; Wang, Ying; Georgiev, Oleg; Schaffner, Walter. Nucleic Acids Res 33(18):5715 (Nucleic Acids Res), PubMed 16221973",16221973,,y,2,53,,,E-MEXP-438,0
E-MARS-4,10/21/2005,"Gene expression profiling of human mesenchymal stem cells derived from bone marrow during expansion and osteoblast differentiation. Kulterer B, Friedl G, Jandrositz A, Sanchez-Cabo F, Prokesch A, Paar C, Scheideler M, Windhager R, Preisegger KH, Trajanoski Z. BMC genomics 12(8):70 (BMC genomics), PubMed 17352823",17352823,,y,3,46,,,E-MARS-4,0
E-MEXP-412,8/25/2005,"Meta-analysis of Differentiating Mouse Embryonic Stem Cell Gene Expression Kinetics Reveals Early Change of a Small Gene Set. Glover, C.H., Marin, M., Eaves, C.J., Helgason, C.D., Piret, J.M., Bryan, J. PLoS Comput Biol 2(11):e158 (PLoS Comput Biol), PubMed 17121458",17121458,,y,2,13,,,E-MEXP-412,1,y
E-MEXP-307,4/21/2005,Maria Marcela Baudo; Rebecca Lyons; Stephen Powers; Melloney McCluskey; Keith Edwards; Peter Shewry; Michael Holdsworth.,,,,,,primary citation on Array Express database only had author's names - INCOMPLETE
E-MEXP-182,2/14/2005,"Brosché M, Vinocur B, Alatalo ER, Lamminmäki A, Teichmann T, Ottow EA,
Djilianov D, Afif D, Bogeat-Triboulot MB, Altman A, Polle A, Dreyer E, Rudd S,
Paulin L, Auvinen P, Kangasjärvi J. Gene expression and metabolite profiling of
Populus euphratica growing in the Negev desert. Genome Biol. 2005;6(12):R101.
Epub 2005 Dec 2. PubMed PMID: 16356264; PubMed Central PMCID: PMC1414072.
",16356264,,y,5,53,,,E-MEXP-182,0
E-MEXP-443,11/3/2005,"Sessa G, Carabelli M, Sassi M, Ciolfi A, Possenti M, Mittempergher F, Becker
J, Morelli G, Ruberti I. A dynamic balance between gene activation and repression
regulates the shade avoidance response in Arabidopsis. Genes Dev. 2005 Dec
1;19(23):2811-5. PubMed PMID: 16322556; PubMed Central PMCID: PMC1315388.
",16322556,,n 
E-MEXP-364,8/3/2005,citation missing
E-MEXP-258,2/14/2005,"Boucneau J, De Schepper S, Vuylsteke M, Van Hummelen P, Naeyaert JM, Lambert
J. Gene expression profiling of cultured human NF1 heterozygous (NF1+/-)
melanocytes reveals downregulation of a transcriptional cis-regulatory network
mediating activation of the melanocyte-specific dopachrome tautomerase (DCT)
gene. Pigment Cell Res. 2005 Aug;18(4):285-99. PubMed PMID: 16033338.",16033338,,y,1,2,,,E-MEXP-258,0
E-MEXP-378,7/14/2005,"Renzoni A, Barras C, François P, Charbonnier Y, Huggler E, Garzoni C, Kelley
WL, Majcherczyk P, Schrenzel J, Lew DP, Vaudaux P. Transcriptomic and functional 
analysis of an autolysis-deficient, teicoplanin-resistant derivative of
methicillin-resistant Staphylococcus aureus. Antimicrob Agents Chemother. 2006
Sep;50(9):3048-61. PubMed PMID: 16940101; PubMed Central PMCID: PMC1563528.",16940101,,y,1,17,2 citations found - dropbox files: E-MEXP-378_Renzoni2006 and E-MEXP-378_Vlachou2005,,E-MEXP-378,0
E-MEXP-378,7/14/2005,"Vlachou D, Schlegelmilch T, Christophides GK, Kafatos FC. Functional genomic
analysis of midgut epithelial responses in Anopheles during Plasmodium invasion. 
Curr Biol. 2005 Jul 12;15(13):1185-95. PubMed PMID: 16005290.
",16005290,,y,2,61,,,E-MEXP-378
E-RZPD-21,6/8/2005,citation missing
E-TABM-14,6/24/2005,"Huber W, Toedling J, Steinmetz LM. Transcript mapping with high-density
oligonucleotide tiling arrays. Bioinformatics. 2006 Aug 15;22(16):1963-70. Epub
2006 Jun 20. PubMed PMID: 16787969.
",16787969,,y,1,45,E-TABM-14_Bioinformatics2006,,E-TABM-14,1,y
E-TABM-14,6/24/2005,"David L, Huber W, Granovskaia M, Toedling J, Palm CJ, Bofkin L, Jones T, Davis
RW, Steinmetz LM. A high-resolution map of transcription in the yeast genome.
Proc Natl Acad Sci U S A. 2006 Apr 4;103(14):5320-5. Epub 2006 Mar 28. PubMed
PMID: 16569694; PubMed Central PMCID: PMC1414796.
",16569694,,y,1,190,E-TABM-14_ProcNatlAcadSciUSA2006,,E-TABM-14
E-MEXP-390,7/26/2005,"Allen WL, McLean EG, Boyer J, McCulla A, Wilson PM, Coyle V, Longley DB,
Casero RA Jr, Johnston PG. The role of spermidine/spermine N1-acetyltransferase
in determining response to chemotherapeutic agents in colorectal cancer cells.
Mol Cancer Ther. 2007 Jan;6(1):128-37. PubMed PMID: 17237273.
",17237273,,y,1,15,,,E-MEXP-390,3,y
E-TABM-11,4/29/2005,"Lacroix L, Lazar V, Michiels S, Ripoche H, Dessen P, Talbot M, Caillou B,
Levillain JP, Schlumberger M, Bidart JM. Follicular thyroid tumors with the
PAX8-PPARgamma1 rearrangement display characteristic genetic alterations. Am J
Pathol. 2005 Jul;167(1):223-31. PubMed PMID: 15972966; PubMed Central PMCID:
PMC1603430.
",15972966,,y,1,28,,,E-TABM-11,0
E-MEXP-250,3/15/2005,"Ahrén D, Tholander M, Fekete C, Rajashekar B, Friman E, Johansson T, Tunlid A.
Comparison of gene expression in trap cells and vegetative hyphae of the
nematophagous fungus Monacrosporium haptotylum. Microbiology. 2005 Mar;151(Pt
3):789-803. PubMed PMID: 15758225.
",15758225,,y,1,9,,,E-MEXP-250,0
E-MEXP-415,8/31/2005,"Eriksson S, Lucchini S, Thompson A, Rhen M, Hinton JC. Unravelling the biology
of macrophage infection by gene expression profiling of intracellular Salmonella 
enterica. Mol Microbiol. 2003 Jan;47(1):103-18. PubMed PMID: 12492857.
",12492857,,y,2,307,,,E-MEXP-415,0
E-MEXP-237,1/12/2005,"Hohnjec N, Vieweg MF, Pühler A, Becker A, Küster H. Overlaps in the
transcriptional profiles of Medicago truncatula roots inoculated with two
different Glomus fungi provide insights into the genetic program activated during
arbuscular mycorrhiza. Plant Physiol. 2005 Apr;137(4):1283-301. Epub 2005 Mar 18.
PubMed PMID: 15778460; PubMed Central PMCID: PMC1088321.
",15778460,,y,1,2,,,E-MEXP-237,0
E-MEXP-513,12/19/2005,"Bouveret R, Schönrock N, Gruissem W, Hennig L. Regulation of flowering time by
Arabidopsis MSI1. Development. 2006 May;133(9):1693-702. Epub 2006 Mar 22. PubMed
PMID: 16554362.",16554362,,y,1,20,,,E-MEXP-513,0
E-AFMX-12,4/4/2005,"Moggs JG, Tinwell H, Spurway T, Chang HS, Pate I, Lim FL, Moore DJ, Soames A, 
Stuckey R, Currie R, Zhu T, Kimber I, Ashby J, Orphanides G. Phenotypic anchoring
of gene expression changes during estrogen-induced uterine growth. Environ Health
Perspect. 2004 Nov;112(16):1589-606. PubMed PMID: 15598610; PubMed Central PMCID:
PMC1247656.
",15598610,,y,1,60,,,E-AFMX-12,0
E-TABM-64,11/21/2005,"Langland JO, Kash JC, Carter V, Thomas MJ, Katze MG, Jacobs BL. Suppression of
proinflammatory signal transduction and gene expression by the dual nucleic acid 
binding domains of the vaccinia virus E3L proteins. J Virol. 2006
Oct;80(20):10083-95. PubMed PMID: 17005686; PubMed Central PMCID: PMC1617298.
",17005686,,y,1,28,,,E-TABM-64,0
E-NASC-45,1/13/2005,citation missing 
E-MIMR-43,5/11/2005,"The nuclear receptor co-repressor nrip1 (RIP140) is essential for female fertility. White, R. Nat Med 6(12):1368-74 (Nat Med)",11100122,,y,2,89,2 citations found - dropbox files: E-MIMR-43_NatMed,,E-MIMR-43,0
E-MIMR-43,5/11/2005,"Embryo transfer experiments and ovarian transplantation identify the ovary as the only site in which the nuclear receptor interacting protein1/RIP140 action is crucial for female fertility. Leonardsson, G. Endocrinology 143(2):700-707 (Endocrinology) (Ovarian phenotype work)",11796527,,y,1,20,E-MIMR-43_Endocrinology,,E-MIMR-43
E-MEXP-405,8/19/2005,"Meijer AH, Verbeek FJ, Salas-Vidal E, Corredor-Adámez M, Bussman J, van der
Sar AM, Otto GW, Geisler R, Spaink HP. Transcriptome profiling of adult zebrafish
at the late stage of chronic tuberculosis due to Mycobacterium marinum infection.
Mol Immunol. 2005 Jun;42(10):1185-203. Epub 2005 Jan 12. PubMed PMID: 15829308",15829308,,y,3,48,,,E-MEXP-405,1,y
E-MEXP-297,4/6/2005,"Sievertzon M, Wirta V, Mercer A, Meletis K, Erlandsson R, Wikström L, Frisén
J, Lundeberg J. Transcriptome analysis in primary neural stem cells using a tag
cDNA amplification method. BMC Neurosci. 2005 Apr 15;6:28. PubMed PMID: 15833137;
PubMed Central PMCID: PMC1112599.
",15833137,,y,2,10,,,E-MEXP-297,0
E-MEXP-484,11/23/2005,Christine Mallard; Nicolas Ugolin; Ludovic Lacroix; Jean-Michel Bidart; Bernard Caillou; Martin Schlumberger; Bernard Malfoy; Sylvie Chevillard.,,,,,,citation only has authors' names - INCOMPLETE
E-MEXP-284,5/20/2005,"Brown AR, Rebus S, McKimmie CS, Robertson K, Williams A, Fazakerley JK. Gene
expression profiling of the preclinical scrapie-infected hippocampus. Biochem
Biophys Res Commun. 2005 Aug 19;334(1):86-95. PubMed PMID: 15992767.
",15992767,,y,1,21,,,E-MEXP-284,0
E-MEXP-309,4/22/2005,Maria Marcela Baudo; Rebecca Lyons; Stephen Powers; Melloney Mc Cluskey; Keith Edwards; Peter Shewry; Michael Holdsworth.,,,,,,citation only has authors' names - INCOMPLETE
E-MEXP-508,12/12/2005,"Besson-Bard A, Gravot A, Richaud P, Auroy P, Duc C, Gaymard F, Taconnat L,
Renou JP, Pugin A, Wendehenne D. Nitric oxide contributes to cadmium toxicity in 
Arabidopsis by promoting cadmium accumulation in roots and by up-regulating genes
related to iron uptake. Plant Physiol. 2009 Mar;149(3):1302-15. Epub 2009 Jan 23.
PubMed PMID: 19168643; PubMed Central PMCID: PMC2649387.
",19168643,,y,1,12,,,E-MEXP-508,0
E-MNIA-69,11/21/2005,"In Situ-Synthesized Novel Microarray Optimized for Mouse Stem Cell and Early Developmental Expression Profiling. Carter,Mark G.;Toshio Hamatani;Alexei A. Sharov;Condie E. Carmack;Yong Qian;Kazuhiro Aiba;Naomi T. Ko;Dawood B. Dudekula;Pius M. Brzoska;Stuart S. Hwang;Minoru S.H. Ko. Genome Res 13:1011-1021 (Genome Res)",12727912,,y,2,74,,,E-MNIA-69,0
E-MARS-2,7/18/2005,"Hackl H, Burkard TR, Sturn A, Rubio R, Schleiffer A, Tian S, Quackenbush J,
Eisenhaber F, Trajanoski Z. Molecular processes during fat cell development
revealed by gene expression profiling and functional annotation. Genome Biol.
2005;6(13):R108. Epub 2005 Dec 19. PubMed PMID: 16420668; PubMed Central PMCID:
PMC1414107.
",16420668,,y,1,21,,,E-MARS-2,1,y
E-MEXP-306,4/20/2005,Maria Marcela Baudo; Rebecca Lyons; Stephen Powers; Melloney McCluskey; Keith Edwards; Michael Holdsworth; Peter Shewry.,,,,,,citation only has authors' names - INCOMPLETE
E-MEXP-355,6/16/2005,Maoxian Deng; Wei-Li Chen; Atsushi Takatori; Zhimin Peng; Lin Zhang; Maureen Mongan; Ranjani Parthasarathy; Maureen Sartor; Marian Miller; Jianhua Yang; Bing Su; Winston W-Y Kao; Ying Xia. EMBO J ,,,,,,citation only has authors' names - INCOMPLETE
E-TABM-40,11/3/2005,"Willinger T, Freeman T, Hasegawa H, McMichael AJ, Callan MF. Molecular
signatures distinguish human central memory from effector memory CD8 T cell
subsets. J Immunol. 2005 Nov 1;175(9):5895-903. PubMed PMID: 16237082.
",16237082,,y,1,36,,,E-TABM-40,1,y
E-TABM-3,2/14/2005,"Winnepenninckx V, Lazar V, Michiels S, Dessen P, Stas M, Alonso SR, Avril MF, 
Ortiz Romero PL, Robert T, Balacescu O, Eggermont AM, Lenoir G, Sarasin A, Tursz 
T, van den Oord JJ, Spatz A; Melanoma Group of the European Organization for
Research and Treatment of Cancer. Gene expression profiling of primary cutaneous 
melanoma and clinical outcome. J Natl Cancer Inst. 2006 Apr 5;98(7):472-82.
PubMed PMID: 16595783.
",16595783,,y,2,100,,,E-TABM-3,0
E-MEXP-294,3/31/2005,"Boulias K, Katrakili N, Bamberg K, Underhill P, Greenfield A, Talianidis I.
Regulation of hepatic metabolic pathways by the orphan nuclear receptor SHP. EMBO
J. 2005 Jul 20;24(14):2624-33. Epub 2005 Jun 23. PubMed PMID: 15973435; PubMed
Central PMCID: PMC1176456.
",15973435,,y,1,41,,,E-MEXP-294,0
E-MEXP-230,7/19/2005,"FoxM1 is required for execution of the mitotic program and chromosome stability. Jamila Laoukili; Matthijs Kooistra; Alexandra Brás; Jos Kauw; Ron Kerkhoven; Ashby Morrison; Hans Clevers; René Medema. Nat Cell Biol 7:126-136 (Nat Cell Biol), PubMed 15654331",15654331,,y,1,136,,,E-MEXP-230,1,y
E-TABM-27,8/16/2005,"Species- and Strain-Specific Control of a Complex, Flexible Regulon by Bordetella BvgAS. Cummings, C. A.; Bootsma, H. J.; Relman, D. A.; Miller, J. F. The Journal of Bacteriology 188(5):1775 (The Journal of Bacteriology), PubMed 16484188",16484188,,y,1,34,,,E-TABM-27,0
E-MEXP-486,11/17/2005,"Multiple polymorphic loci determine basal hepatic and splenic iron status in mice. Grant GR, Robinson SW, Edwards RE, Clothier B, Davies R, Judah DJ, Broman KW, Smith AG. Hepatology 44:174-185 (Hepatology), PubMed 16799992",16799992,,y,1,8,,,E-MEXP-486,0
E-FPMI-6,9/5/2005,"Bovine and human cathelicidin cationic host defense peptides similarly suppress transcriptional responses to bacterial lipopolysaccharide. Mookherjee, Neeloffer; Wilson, Heather L.; Doria, Silvana; Popowych, Yurij; Falsafi, Reza; Yu, Jie (Jessie); Li, YueXin; Veatch, Sarah; Roche, Fiona M.; Brown, Kelly L.; Brinkman, Fiona S. L.; Hokamp, Karsten; Potter, Andy; Babiuk, Lorne A.; Griebel, Philip J.; Hancock, Robert E. W. J Leukoc Biol 80(6):1563 (J Leukoc Biol), PubMed 16943385",16943385,,y,2,25,,,E-FPMI-6,0
E-MEXP-360,6/17/2005,"Tendon xanthomas in familial hypercholesterolemia are associated with a differential inflammatory response of macrophages to oxidized LDL. Marta Artieda; Ana Cenarro; Corina Junquera; Pilar Lasierra; Maria Jose Martinez-Lorenzo; Miguel Pocovi; Fernando Civeira. FEBS Lett  (FEBS Lett), PubMed 16083882",16083882,,y,1,14,,,E-MEXP-360,0
E-TABM-51,12/14/2005,"van Leeuwen H, Kliebenstein DJ, West MA, Kim K, van Poecke R, Katagiri F,
Michelmore RW, Doerge RW, St Clair DA. Natural variation among Arabidopsis
thaliana accessions for transcriptome response to exogenous salicylic acid. Plant
Cell. 2007 Jul;19(7):2099-110. Epub 2007 Jul 13. PubMed PMID: 17630278; PubMed
Central PMCID: PMC1955704",17630278,,y,1,25,dropbox filename: E-TABM-51_Kliebenstein DJ,,E-TABM-51,0
E-TABM-51,12/14/2005,"Genomic survey of gene expression diversity in Arabidopsis thaliana. Kliebenstein DJ, West MA, van Leeuwen H, Kim K, Doerge RW, Michelmore RW, St Clair DA. Genetics :1179-89 (Genetics), PubMed 16204207",16204207,,,,,dropbox filename: E-TABM-51_Kli,,E-TABM-51
E-MEXP-321,4/28/2005,The inflammatory transcriptome of reactive murine astrocytes and implications for their immune functions. Jeppe Falsig; Peter Pörzgen; Soren Lund; Andre Schrattenholz; Marcel Leist. J Immunol ,16405499,,y,1,17,,,E-MEXP-321,0
E-MEXP-386,7/19/2005,citation missing
E-MEXP-277,3/9/2005,"Cooperative Disengagement of Fas and Intercellular Adhesion Molecule-1 Function in Neoplastic Cells Confers Enhanced Colonization Efficiency. Kebin Liu; Sheila Caldwell; Scott Abrams. Cancer Res 65:1045-1054 (Cancer Res), PubMed 15705906",15705906,,y,1,13,,,E-MEXP-277,0
E-MEXP-375,8/17/2005,"Laterally transferred elements and high pressure adaptation in Photobacterium profundum strains. Stefano Campanaro, Alessandro Vezzi, Nicola Vitulo, Federico M Lauro, Michela D^ÒAngelo, Francesca Simonato, Alessandro Cestaro, Giorgio Malacrida, Giulio Bertoloni, Giorgio Valle, Douglas H Bartlett. BMC Genomics 6:122 (BMC Genomics), PubMed 16162277",16162277,,y,1,23,,,E-MEXP-375,0
E-MEXP-393,7/27/2005,"Le Priol Y, Puthier D, Lécureuil C, Combadière C, Debré P, Nguyen C,
Combadière B. High cytotoxic and specific migratory potencies of senescent CD8+
CD57+ cells in HIV-infected and uninfected individuals. J Immunol. 2006 Oct
15;177(8):5145-54. PubMed PMID: 17015699.",17015699,,y,1,16,,,E-MEXP-393,0
E-MEXP-482,11/14/2005,citation missing
E-UMCU-20,5/12/2005,"A high resolution protein interaction map of the yeast Mediator complex. Guglielmi B, van Berkum NL, Klapholz B, Bijma T, Boube M, Boschiero C, Bourbon HM, Holstege FC, Werner M. Nucleic Acids Res 32(18):5379-91 (Nucleic Acids Res)
",15477388,,y,1,74,"this had 4 different citations, but they were all cited from the same journal article, but the other 3 had different PubMed reference numbers",,E-UMCU-20,0
E-UMCU-20,5/12/2005,"Guglielmi B, van Berkum NL, Klapholz B, Bijma T, Boube M, Boschiero C, Bourbon
HM, Holstege FC, Werner M. A high resolution protein interaction map of the yeast
Mediator complex. Nucleic Acids Res. 2004 Oct 11;32(18):5379-91. Print 2004.
PubMed PMID: 15477388; PubMed Central PMCID: PMC524289.",15477388,,,,,same reference,,E-UMCU-20
E-UMCU-20,5/12/2005,"van de Peppel J, Kettelarij N, van Bakel H, Kockelkorn TT, van Leenen D,
Holstege FC. Mediator expression profiling epistasis reveals a signal
transduction pathway with antagonistic submodules and highly specific downstream 
targets. Mol Cell. 2005 Aug 19;19(4):511-22. PubMed PMID: 16109375.
",16109375,,,,,miscited on ISI Web of Science,,E-UMCU-20
E-UMCU-20,5/12/2005,"Guglielmi B, van Berkum NL, Klapholz B, Bijma T, Boube M, Boschiero C, Bourbon
HM, Holstege FC, Werner M. A high resolution protein interaction map of the yeast
Mediator complex. Nucleic Acids Res. 2004 Oct 11;32(18):5379-91. Print 2004.
PubMed PMID: 15477388; PubMed Central PMCID: PMC524289.
",15477388,,,,,same reference,,E-UMCU-20
E-MEXP-399,8/15/2005,"Species- and Strain-Specific Control of a Complex, Flexible Regulon by Bordetella BvgAS. Cummings, C. A.; Bootsma, H. J.; Relman, D. A.; Miller, J. F. The Journal of Bacteriology 188(5):1775 (The Journal of Bacteriology), PubMed 16484188",16484188,,y,1,34,,,E-MEXP-399,1,y
E-UMCU-18,3/18/2005,"Transcriptome-based identification of pro- and antioxidative gene expression in kidney cortex of nitric oxide-depleted rats. Sebastiaan Wesseling, Jaap A. Joles, Harry van Goor, Hans A. Bluyssen, Patrick Kemmeren, Frank C. Holstege, Hein A. Koomans and Branko Braam. Physiol Genomics 28(2):158-167 (Physiol Genomics), PubMed 17047089",17047089,,y,1,4,,,E-UMCU-18,0
E-UMCU-11,1/5/2005,"Multiple Robust Signatures for Detecting Lymph Node Metastasis in Head and Neck Cancer. Roepman, Paul; Kemmeren, Patrick; Wessels, Lodewijk F.A.; Slootweg, Piet J.; Holstege, Frank C.P. Cancer Res 66(4):2361 (Cancer Res)",16489042,,y,1,31,same journal article references but different PubMed references numbers,E-UMCU-11_CancerRes,E-UMCU-11,1,y
E-UMCU-11,1/5/2005,"Roepman P, Wessels LF, Kettelarij N, Kemmeren P, Miles AJ, Lijnzaad P, Tilanus
MG, Koole R, Hordijk GJ, van der Vliet PC, Reinders MJ, Slootweg PJ, Holstege FC.
An expression profile for diagnosis of lymph node metastases from primary head
and neck squamous cell carcinomas. Nat Genet. 2005 Feb;37(2):182-6. Epub 2005 Jan
9. PubMed PMID: 15640797.
",15640797,,y,2,140,,E-UMCU-11_NatGenet,E-UMCU-11
E-UMCU-11,1/5/2005,"Roepman P, Kemmeren P, Wessels LF, Slootweg PJ, Holstege FC. Multiple robust
signatures for detecting lymph node metastasis in head and neck cancer. Cancer
Res. 2006 Feb 15;66(4):2361-6. PubMed PMID: 16489042.
",16489042,,y,1,31,,E-UMCU-11_CancerRes,E-UMCU-11
E-MNIA-66,11/17/2005,"Transcript copy number estimation using a mouse whole-genome oligonucleotide microarray. Carter,Mark G.;Alexei A. Sharov;Vincent VanBuren;Dawood B. Dudekula;Condie E. Carmack;Charlie Nelson;Minoru S.H. Ko. Genome Biol 6(7) (Genome Biol)",15998450,,y,2,50,,,E-MNIA-66,0
E-MEXP-414,8/27/2005,"Meta-analysis of Differentiating Mouse Embryonic Stem Cell Gene Expression Kinetics Reveals Early Change of a Small Gene Set. Glover, C.H., Marin, M., Eaves, C.J., Helgason, C.D., Piret, J.M., Bryan, J. PLoS Comput Biol 2(11):e158 (PLoS Comput Biol)",17121458,,y,2,13,,E-MEXP-414_JPloSComputBiol,E-MEXP-414,0
E-MEXP-414,8/27/2005,"Correlation of murine embryonic stem cell gene expression profiles with functional measures of pluripotency. Palmqvist, L., Glover, C.H., Bossen, B., Hsu, L., Lu, M., Piret, J.M., Humphries, R.K., Helgason, C.D. Stem Cells 23(5):663-680 (Stem Cells)",15849174,,y,2,65,,E-MEXP-414_StemCells,E-MEXP-414
E-MEXP-388,9/26/2005,"Identification of genes involved in imatinib resistance in CML: a gene-expression profiling approach. Villuendas R, Steegmann JL, Pollan M, Tracey L, Granda A, Fernandez-Ruiz E, Casado LF, Martinez J, Martinez P, Lombardia L, Villalon L, Odriozola J, Piris MA. Leukemia  (Leukemia), PubMed 16598311",16598311,,y,1,32,,,E-MEXP-388,0
E-MEXP-449,11/11/2005,"Genome-Wide Analysis of Hydrogen Peroxide-Regulated Gene Expression in Arabidopsis Reveals a High Light-Induced Transcriptional Cluster Involved in Anthocyanin Biosynthesis. Sandy Vanderauwera; Philip Zimmermann; Stephane Rombauts; Steven Vandenabeele; Christian Langebartels; Wilhelm Gruishem; Dirk Inze; Frank Van Breusegem. Plant Physiol 2:806-21 (Plant Physiol), PubMed 16183842",16183842,,y,1,102,,,E-MEXP-449,2,y
E-CBIL-3,10/31/2005,"Fidelity and enhanced sensitivity of differential transcription profiles following linear amplification of nanogram amounts of endothelial mRNA. Polacek DC, Passerini AG, Shi C, Francesco NM, Manduchi E, Grant GR, Powell S, Bischof H, Winkler H, Stoeckert CJ Jr, Davies PF. Physiol Genomics 13:147-156 (Physiol Genomics), PubMed 12700361",12700361,,y,2,73,,,E-CBIL-3,0
E-MEXP-300,4/18/2005,"The elongata mutants identify a functional Elongator complex in plants with a role in cell proliferation during organ growth. Nelissen, Hilde; Fleury, Delphine; Bruno, Leonardo; Robles, Pedro; De Veylder, Lieven; Traas, Jan; Micol, Jose Luis; Van Montagu, Marc; Inze, Dirk; Van Lijsebettens, Mieke. Proc Natl Acad Sci U S A 102(21):7754 (Proc Natl Acad Sci U S A), PubMed 17329565",17329565,,y,1,31,,,E-MEXP-300,3,y
E-TIGR-121,4/25/2005,"Independence and reproducibility across microarray platforms. Jennie E Larkin, Bryan C Frank, Haralambos Gavras, Razvan Sultana and John Quackenbush. Nat Methods 2:337 - 344 (Nat Methods)",,10.1038/NMETH757,y,2,221,,,E-TIGR-121,0
E-MEXP-474,12/1/2005,citation missing
E-UMCU-15,1/10/2005,"Gene expression profiling and phenotype analyses of S. cerevisiae in response to changing copper reveals six genes with new roles in copper and iron metabolism. van Bakel, Harm; Strengman, Eric; Wijmenga, Cisca; Holstege, Frank C. P. Physiol Genomics 22(3):356 (Physiol Genomics), PubMed 15886332",15886332,,y,1,23,,,E-UMCU-15,0
E-CAGE-56,10/20/2005,citation missing
E-MEXP-246,1/17/2005,citation missing
E-MEXP-470,11/25/2005,"Control of jasmonate biosynthesis and senescence by miR319 targets. Schommer C, Palatnik JF, Aggarwal P, Chételat A, Cubas P, Farmer EE, Nath U, Weigel D. PLoS Biol. 6(9):e230 (PLoS Biol.)",18816164,,,,,,,E-MEXP-470,0
E-NASC-49,1/19/2005,citation missing
E-MEXP-384,7/19/2005,citation missing
E-TABM-37,9/22/2005,Extensive modulation of a set of microRNAs in primary glioblastoma. Ciafrè S.A.; Galardi S.; Mangiola A.; Ferracin M.; Liu C.-G.; Sabatino G.; Negrini M.; Maira G.; Croce C.M.; Farace M.G. Biochem Biophys Res Commun 334(4):1351-1358 (Biochem Biophys Res Commun),16039986,,y,2,247,,,E-TABM-37,0
E-MEXP-459,11/4/2005,"Gene expression profiling of microglia infected by a highly neurovirulent murine leukemia virus: implications for neuropathogenesis. Derek Dimcheff; L. Gwenn Volkert; Ying Li; Angelo DeLucia; William Lynch. Retrovirology 3:26 (Retrovirology), PubMed 16696860",16696860,,y,1,4,,,E-MEXP-459,0
E-TABM-65,11/23/2005,"Integrating data on DNA copy number with gene expression levels and drug sensitivities in the NCI-60 cell line panel. Bussey, Kimberly J.; Chin, Koei; Lababidi, Samir; Reimers, Mark; Reinhold, William C.; Kuo, Wen-Lin; Gwadry, Fuad; Ajay, ; Kouros-Mehr, Hosein; Fridlyand, Jane; Jain, Ajay; Collins, Colin; Nishizuka, Satoshi; Tonon, Giovanni; Roschke, Anna; Gehlhaus, Kristen; Kirsch, Ilan; Scudiero, Dominic A.; Gray, Joe W.; Weinstein, John N. Mol Cancer Ther 5(4):853 (Mol Cancer Ther), PubMed 16648555",16648555,,y,1,142,,,E-TABM-65,1,y
E-MEXP-269,6/24/2005,"The landscape of histone modifications across 1% of the human genome in five human cell lines. Koch, Christoph M.; Andrews, Robert M.; Flicek, Paul; Dillon, Shane C.; Karaoz, Ulas; Clelland, Gayle K.; Wilcox, Sarah; Beare, David M.; Fowler, Joanna C.; Couttet, Phillippe; James, Keith D.; Lefebvre, Gregory C.; Bruce, Alexander W.; Dovey, Oliver M.; Ellis, Peter D.; Dhami, Pawandeep; Langford, Cordelia F.; Weng, Zhiping; Birney, Ewan; Carter, Nigel P.; Vetrie, David; Dunham, Ian. Genome Res 17(6):691 (Genome Res), PubMed 17567990",17567990,,y,1,54,,,E-MEXP-269,0
E-MEXP-410,12/21/2005,citation missing
E-MEXP-515,12/21/2005,"Price SA, Zeef LA, Wardleworth L, Hayes A, Tomlinson DR. Identification of
changes in gene expression in dorsal root ganglia in diabetic neuropathy:
correlation with functional deficits. J Neuropathol Exp Neurol. 2006
Jul;65(7):722-32. PubMed PMID: 16825959.
",16825959,,y,1,12,,,E-MEXP-515,0
E-MEXP-382,7/8/2005,"Lunardi C, Dolcino M, Peterlana D, Bason C, Navone R, Tamassia N, Beri R,
Corrocher R, Puccetti A. Antibodies against human cytomegalovirus in the
pathogenesis of systemic sclerosis: a gene array approach. PLoS Med. 2006
Jan;3(1):e2. Epub 2005 Dec 6. PubMed PMID: 16318412; PubMed Central PMCID:
PMC1298939.",16318412,,y,1,20,,,E-MEXP-382,0
E-MEXP-491,11/24/2005,"Ruonala R, Rinne PL, Baghour M, Moritz T, Tuominen H, Kangasjärvi J.
Transitions in the functioning of the shoot apical meristem in birch (Betula
pendula) involve ethylene. Plant J. 2006 May;46(4):628-40. PubMed PMID: 16640599.
",16640599,,y,1,20,,,E-MEXP-491,0
E-MEXP-17,2/15/2005,citation missing
E-MEXP-305,4/20/2005,citation missing
E-TABM-44,11/4/2005,"ppGalNAc-T13: A New Molecular Marker of Bone Marrow Involvement in Neuroblastoma. Berois, Nora; Blanc, Etienne; Ripoche, Hugues; Mergui, Xenia; Trajtenberg, Felipe; Cantais, Sabrina; Barrois, Michel; Dessen, Philippe; Kagedal, Bertil; Benard, Jean; Osinaga, Eduardo; Raguenez, Gilda. Clin Chem 52(9):1701 (Clin Chem), PubMed 16873292",16873292,,y,1,4,,,E-TABM-44,0
E-MEXP-88,9/7/2005,"Genome-wide analysis of mRNAs regulated by the THO complex in Drosophila melanogaster. Jan Rehwinkel; Andrea Herold; Michaela Rode; Thomas Koecher; Kerstin Gari; Peer Bork; Matthias Wilm; Elisa Izaurralde; Francesca L. Ciccarelli. Nat Struct Mol Biol 11:558 - 566 (Nat Struct Mol Biol), PubMed 15361863",15361863,,y,1,64,,,E-MEXP-88,1
E-MEXP-465,11/10/2005,"Blot N, Mavathur R, Geertz M, Travers A, Muskhelishvili G. Homeostatic
regulation of supercoiling sensitivity coordinates transcription of the bacterial
genome. EMBO Rep. 2006 Jul;7(7):710-5. Epub 2006 Jun 16. PubMed PMID: 16799466;
PubMed Central PMCID: PMC1500834.",16799466,,y ,1,31,,,E-MEXP-465,0
E-MEXP-504,12/5/2005,citation missing
E-MEXP-517,12/21/2005,citation missing
E-NASC-55,1/19/2005,citation missing
E-MEXP-288,3/31/2005,"Immune Selection and Emergence of Aggressive Tumor Variants as Negative Consequences of Fas-Mediated Cytotoxicity and Altered IFN-{gamma}-Regulated Gene Expression. Liu, Kebin; Caldwell, Sheila A.; Abrams, Scott I. Cancer Res 65(10):4376 (Cancer Res), PubMed 15899830",15899830,,y,1,18,,,E-MEXP-288,0
E-MAXD-5,6/2/2005,"Transcriptome Shock after Interspecific Hybridization in Senecio Is Ameliorated by Genome Duplication. Matthew J. Hegarty, Gary L. Barker, Ian D. Wilson, Richard J. Abbott, Keith J. Edwards and Simon J. Hiscock. Curr Biol 16:1652-1659 (Curr Biol)",16920628,,y,1,61,,,E-MAXD-5,0
E-MEXP-199,4/8/2005,citation missing
E-RZPD-11,4/29/2005,citation missing
E-MEXP-362,8/3/2005,citation missing
E-MEXP-417,8/30/2005,"The anti-angiogenic tissue kallikrein pattern of endothelial cell in Systemic Sclerosis. Betti Giusti; Simona Serrati; Francesca Margheri; Laura Papucci; Luciana Rossi; Filippo Poggi; Alberto Magi; Angela Del Rosso; Marina Cinelli; Serena Guiducci; Bashar Kahaleh; Marco Matucci-Cerinic; Rosanna Abbate; Gabriella Fibbi; Mario Del Rosso. Arthritis Rheum 52(11):3618-28 (Arthritis Rheum), PubMed 16255054",16255054,,y,2,19,,,E-MEXP-417,0
E-MEXP-338,5/17/2005,citation missing
E-MEXP-418,9/5/2005,citation missing
E-MEXP-427,11/8/2005,"Kresse SH, Berner JM, Meza-Zepeda LA, Gregory SG, Kuo WL, Gray JW, Forus A,
Myklebost O. Mapping and characterization of the amplicon near APOA2 in 1q23 in
human sarcomas by FISH and array CGH. Mol Cancer. 2005 Nov 7;4:39. PubMed PMID:
16274472; PubMed Central PMCID: PMC1308856.
",16274472,,y,1,12,,,E-MEXP-427,0
E-MEXP-394,8/3/2005,citation missing
E-MEXP-381,7/13/2005,"Sanders HR, Foy BD, Evans AM, Ross LS, Beaty BJ, Olson KE, Gill SS. Sindbis
virus induces transport processes and alters expression of innate immunity
pathway genes in the midgut of the disease vector, Aedes aegypti. Insect Biochem 
Mol Biol. 2005 Nov;35(11):1293-307. PubMed PMID: 16203210.
",16203210,,y,1,28,,,E-MEXP-381,0
E-UMCU-21,7/13/2005,citation missing
E-CAGE-54,10/20/2005,citation missing
E-TOXM-20,11/15/2005,"Evaluation of the gene expression changes induced by 17-alpha-ethynyl estradiol in the immature uterus/ovaries of the rat using high density oligonucleotide arrays. Naciff JM, Torontali SM, Overmann GI, Carr GJ, Tiesman JP, Daston GP. Birth Defects Res B Dev Reprod Toxicol 74(2):164-184 (Birth Defects Res B Dev Reprod Toxicol)",15834898,,y,1,8,,,E-TOXM-20,0
E-MEXP-422,9/5/2005,citation missing
E-TOXM-16,6/13/2005,"Comparison of the expression profiles induced by genotoxic and nongenotoxic carcinogens in rat liver. Ellinger-Ziegelbauer H, Stuart B, Wahle B, Bomann W, Ahr HJ. Mutat Res 575(1-2):61-84 (Mutat Res)
",15890375,,y,1,68
E-TABM-67,12/5/2005,"Genome-wide screening for cis-regulatory variation using a classical diallel crossing scheme. Kiekens R, Vercauteren A, Moerkerke B, Goetghebeur E, Van Den Daele H, Sterken R, Kuiper M, van Eeuwijk F, Vuylsteke M. Nucleic Acids Res 24(13):3677-3686 (Nucleic Acids Res), PubMed 16885241",16885241,,y,1,10,,,E-TABM-67,0
E-MEXP-498,11/30/2005,citation missing
E-MEXP-318,4/22/2005,"Schmitz-Linneweber C, Williams-Carrier R, Barkan A. RNA immunoprecipitation
and microarray analysis show a chloroplast Pentatricopeptide repeat protein to be
associated with the 5' region of mRNAs whose translation it activates. Plant
Cell. 2005 Oct;17(10):2791-804. Epub 2005 Sep 2. PubMed PMID: 16141451; PubMed
Central PMCID: PMC1242273.",16141451,,y,1,85,,,E-MEXP-318,0
E-MEXP-218,1/12/2005,"Overlaps in the Transcriptional Profiles of Medicago truncatula Roots Inoculated with Two Different Glomus Fungi Provide Insights into the Genetic Program Activated during Arbuscular Mycorrhiza. Hohnjec, Natalija; Vieweg, Martin F.; Puhler, Alfred; Becker, Anke; Kuster, Helge. Plant Physiol 137(4):1283-1301 (Plant Physiol), PubMed 15778460",15778460,,y,1,92,,,E-MEXP-218,0
E-MEXP-322,5/9/2005,"Sievertzon M, Wirta V, Mercer A, Frisén J, Lundeberg J. Epidermal growth
factor (EGF) withdrawal masks gene expression differences in the study of
pituitary adenylate cyclase-activating polypeptide (PACAP) activation of primary 
neural stem cell proliferation. BMC Neurosci. 2005 Aug 28;6:55. PubMed PMID:
16124881; PubMed Central PMCID: PMC1208901.
",16124881,,y,2,10,,,E-MEXP-322,0
E-MEXP-273,6/14/2005,"Ishikawa K, Koyama-Saegusa K, Otsuka Y, Ishikawa A, Kawai S, Yasuda K, Suga T,
Michikawa Y, Suzuki M, Iwakawa M, Imai T. Gene expression profile changes
correlating with radioresistance in human cell lines. Int J Radiat Oncol Biol
Phys. 2006 May 1;65(1):234-45. PubMed PMID: 16618578.
",16618578,,n
E-MEXP-423,9/22/2005,"Regulator of G-protein signalling 2 mRNA is differentially expressed in mammary epithelial subpopulations and over-expressed in the majority of breast cancers. Smalley MJ, Iravani M, Leao M, Grigoriadis A, Kendrick H, Dexter T, Fenwick K, Regan JL, Britt K, McDonald S, Lord CJ, Mackay A, Ashworth A. Breast Cancer Res 9(6):R85 (Breast Cancer Res), PubMed 18067675",18067675,,y,1,6,,,E-MEXP-423,0
E-MNIA-67,11/18/2005,"Transcript copy number estimation using a mouse whole-genome oligonucleotide microarray. Carter,Mark G.;Alexei A. Sharov;Vincent VanBuren;Dawood B. Dudekula;Condie E. Carmack;Charlie Nelson;Minoru S.H. Ko. Genome Biol 6(7) (Genome Biol)",15998450,,y,1,49,,,E-MNIA-67,0
E-MIMR-42,3/16/2005,"Christian M, Kiskinis E, Debevec D, Leonardsson G, White R, Parker MG.
RIP140-targeted repression of gene expression in adipocytes. Mol Cell Biol. 2005 
Nov;25(21):9383-91. PubMed PMID: 16227589; PubMed Central PMCID: PMC1265803.
",16227589,,y ,1,66,2 citations found c/o PMID,E-MIMR-42_MolCellBiol,E-MIMR-42,0
E-MIMR-42,3/16/2005,"Powelka AM, Seth A, Virbasius JV, Kiskinis E, Nicoloro SM, Guilherme A, Tang
X, Straubhaar J, Cherniack AD, Parker MG, Czech MP. Suppression of oxidative
metabolism and mitochondrial biogenesis by the transcriptional corepressor RIP140
in mouse adipocytes. J Clin Invest. 2006 Jan;116(1):125-36. Epub 2005 Dec 22.
PubMed PMID: 16374519; PubMed Central PMCID: PMC1319222.
",16374519,,y,1,76,,E-MIMR-42_JClinInvest,E-MIMR-42
E-MEXP-411,8/23/2005,citation missing
E-MEXP-373,8/3/2005,citation missing
E-MEXP-334,5/18/2005,citation missing
E-RZPD-14,5/5/2005,"Abdollahi A, Schwager C, Kleeff J, Esposito I, Domhan S, Peschke P, Hauser K, 
Hahnfeldt P, Hlatky L, Debus J, Peters JM, Friess H, Folkman J, Huber PE.
Transcriptional network governing the angiogenic switch in human pancreatic
cancer. Proc Natl Acad Sci U S A. 2007 Jul 31;104(31):12890-5. Epub 2007 Jul 24. 
PubMed PMID: 17652168; PubMed Central PMCID: PMC1931565.
",17652168,,y,2,49,,,E-RZPD-14,0
E-TOXM-11,11/13/2005,"Identification of Platform-Independent Gene Expression Markers of Cisplatin Nephrotoxicity. Thompson KL, Afshari CA, Amin RP, Bertram TA, Car B, Cunningham M, Kind C, Kramer JA, Lawton M, Mirsky M, Naciff JM, Oreffo V, Pine PS, Sistare FD. Environ Health Perspect 112(4):488-494 (Environ Health Perspect)
",15033599,,y,1,40,4 citations found,E-TOXM-11_ThompsonKL,E-TOXM-11,0
E-TOXM-11,11/13/2005,"Toxicogenomics in Risk Assessment: An Overview of an HESI Collaborative Research Program. Pennie W,Pettit SD,Lord PG. Environ Health Perspect 112(4):417-419 (Environ Health Perspect)",15033589,,y,1,58,,E-TOXM-11_PennieW,E-TOXM-11
E-TOXM-11,11/13/2005,"Identification of putative gene based markers of renal toxicity. Amin RP, Vickers AE, Sistare F, Thompson KL, Roman RJ, Lawton M, Kramer J, Hamadeh HK, Collins J, Grissom S, Bennett L, Tucker CJ, Wild S, Kind C, Oreffo V, Davis JW 2nd, Curtiss S, Naciff JM, Cunningham M, Tennant R, Stevens J, Car B, Bertram TA, Afshari CA. Environ Health Perspect 112(4):465-479 (Environ Health Perspect)
",,10.1289/txg.6683,y,1,1,,E-TOXM-11_AminRP,E-TOXM-11
E-TOXM-11,11/13/2005,"Overview on the Application of Transcription Profiling using Selected Nephrotoxicants for Toxicology Assessment. Kramer JA, Pettit SD, Amin RP, Bertram TA, Car B, Cunningham M, Curtiss SW, Davis JW, Kind C, Lawton M, Naciff JM, Oreffo V, Roman RJ, Sistare FD, Stevens J, Thompson K, Vickers AE, Wild S, Afshari CA. Environ Health Perspect 112(4):460-464 (Environ Health Perspect)",15033596,,y,2,28,,E-TOXM-11_KramerJA,E-TOXM-11
E-MEXP-359,6/14/2005,citation missing
E-MEXP-314,4/20/2005,"Soulier J, Clappier E, Cayuela JM, Regnault A, García-Peydró M, Dombret H,
Baruchel A, Toribio ML, Sigaux F. HOXA genes are included in genetic and biologic
networks defining human acute T-cell leukemia (T-ALL). Blood. 2005 Jul
1;106(1):274-86. Epub 2005 Mar 17. PubMed PMID: 15774621.
",15774621,,y,1,74,,,E-MEXP-314,0
E-MEXP-369,10/24/2005,"Laman H, Funes JM, Ye H, Henderson S, Galinanes-Garcia L, Hara E, Knowles P,
McDonald N, Boshoff C. Transforming activity of Fbxo7 is mediated specifically
through regulation of cyclin D/cdk6. EMBO J. 2005 Sep 7;24(17):3104-16. Epub 2005
Aug 11. PubMed PMID: 16096642; PubMed Central PMCID: PMC1201355.
",16096642,,y,1,13,,,E-MEXP-369,0
E-MEXP-251,1/25/2005,citation missing
E-MEXP-451,10/14/2005,Selection for tameness changes brain gene expression in silver foxes. Julia Lindberg; Susanne Björnerfeldt; Peter Saetre; Kenth Svartberg; Birgitte Seehuus; Morten Bakken; Carles Vilà; Elena Jazin. Curr Biol ,16303546,,y,2,12,,,E-MEXP-451,0
E-MEXP-489,11/25/2005,"Analysis of host- and tumor-derived proteases using a custom dual species microarray reveals a protective role for stromal MMP12 in non-small cell lung cancer. Cancer Res 
",16912171,,,,,citation only has title & journal - INCOMPLETE
E-TIGR-128,11/30/2005,"Núñez C, Esteve-Núñez A, Giometti C, Tollaksen S, Khare T, Lin W, Lovley DR,
Methé BA. DNA microarray and proteomic analyses of the RpoS regulon in Geobacter 
sulfurreducens. J Bacteriol. 2006 Apr;188(8):2792-800. PubMed PMID: 16585740;
PubMed Central PMCID: PMC1446979.
",16585740,,y,1,18,,,E-TIGR-128,0
E-MEXP-234,7/7/2005,citation missing
E-TABM-30,8/16/2005,"Cummings CA, Bootsma HJ, Relman DA, Miller JF. Species- and strain-specific
control of a complex, flexible regulon by Bordetella BvgAS. J Bacteriol. 2006
Mar;188(5):1775-85. PubMed PMID: 16484188; PubMed Central PMCID: PMC1426559.
",16484188,,y,1,34,,,E-TABM-30,0
E-MEXP-191,2/14/2005,"Lee KM, Miklos I, Du H, Watt S, Szilagyi Z, Saiz JE, Madabhushi R, Penkett CJ,
Sipiczki M, Bähler J, Fisher RP. Impairment of the TFIIH-associated
CDK-activating kinase selectively affects cell cycle-regulated gene expression in
fission yeast. Mol Biol Cell. 2005 Jun;16(6):2734-45. Epub 2005 Apr 13. PubMed
PMID: 15829570; PubMed Central PMCID: PMC1142420.
",15829570,,y,1,30,,,E-MEXP-191,0
E-MIMR-17
E-MEXP-279
E-NASC-39
E-TABM-69
E-WMIT-5
E-MEXP-464
E-MEXP-431
E-NASC-54
E-NASC-34
E-MEXP-361
E-MEXP-347
E-MEXP-27
E-MEXP-387
E-MEXP-450
E-MEXP-317
E-TABM-7
E-FPMI-2
E-FPMI-7
E-MEXP-264
E-TABM-9
E-NASC-37
E-MEXP-376
E-MEXP-454
E-RZPD-12
E-MEXP-342
E-NASC-57
E-MEXP-235
E-MEXP-363
E-MEXP-453
E-NASC-56
E-TOXM-15
E-MEXP-372
E-MEXP-371
E-BUGS-19
E-MEXP-368
E-TABM-5
E-NASC-40
E-MEXP-278
E-TABM-57
E-TABM-12
E-MEXP-255
E-TABM-4
E-MEXP-325
E-MEXP-259
E-MNIA-68
E-TABM-22
E-TABM-36
E-MEXP-245
E-MEXP-473
E-MEXP-455
E-TABM-49
E-MEXP-479
E-MEXP-462
E-MEXP-445
E-MEXP-225
E-MEXP-458
E-MEXP-247
E-TABM-13
E-MEXP-404
E-BUGS-22
E-MEXP-408
E-TIGR-110
E-MEXP-94
E-MEXP-231
E-MEXP-402
E-MEXP-401
E-MEXP-496
E-MEXP-10
E-MEXP-274
E-NASC-46
E-MEXP-26
E-MEXP-254
E-MEXP-320
E-TABM-32
E-MEXP-509
E-CAGE-42
E-MEXP-500
E-SGRP-2
E-NASC-59
E-RZPD-17
E-MEXP-293
E-MEXP-281
E-MEXP-475
E-TABM-60
E-RZPD-15
E-MEXP-285
E-MEXP-304
E-MEXP-240
E-MEXP-336
E-MEXP-398
E-TABM-19
E-MEXP-356
E-MEXP-242
E-MEXP-315
E-MEXP-490
E-BUGS-20
E-TABM-17
E-MEXP-232
E-MEXP-424
E-MEXP-282
E-MEXP-238
E-MEXP-478
E-MEXP-421
E-RZPD-22
E-FPMI-5
E-MEXP-253
E-BASE-1
E-TABM-15
E-MEXP-256
E-MIMR-38
E-NASC-31
E-MEXP-392
E-MEXP-507
E-MEXP-271
E-TABM-46
E-MEXP-383
E-MIMR-2
E-MEXP-313
E-MEXP-329
E-MEXP-367
E-MEXP-488
E-MEXP-493
E-MEXP-366
E-MEXP-374
E-MEXP-391
E-TABM-28
E-MEXP-70
E-MEXP-495
E-MEXP-312
E-AFMX-13
E-MEXP-389
E-CAGE-57
E-MEXP-457
E-MEXP-476
E-MEXP-275
E-LGCL-5
E-RZPD-23
E-MEXP-227
E-CAGE-22
E-MIMR-12
E-MEXP-291
E-MEXP-518
E-MEXP-226
E-TABM-41
E-MEXP-377
E-MEXP-286
E-MEXP-406
E-TABM-21
E-EMBL-4
E-MAXD-7
E-CBIL-5
E-TIGR-123
E-MEXP-241
E-MEXP-397
E-RZPD-19
E-MARS-3
E-MEXP-289
E-MEXP-456
E-MIMR-37
E-MAXD-3
E-TABM-43
E-MEXP-352
E-MEXP-396
E-MEXP-492
E-MEXP-499
E-MEXP-61
E-MEXP-341
E-MEXP-477
E-TABM-10
E-CAGE-53
E-MEXP-467
E-WMIT-3
E-MEXP-260
E-MEXP-349
E-RZPD-20
E-MEXP-244
E-MEXP-24
E-MEXP-228
E-TABM-62
E-MEXP-335
E-MEXP-262
E-MEXP-471
E-MEXP-425
E-MEXP-287
E-MEXP-472
E-RZPD-16
E-MEXP-319
E-MEXP-243
E-MEXP-292
E-MEXP-345
E-MEXP-298
E-MEXP-339
E-MEXP-506
E-MEXP-357
E-MEXP-485
E-TABM-31
E-MEXP-441
E-MEXP-333
E-MEXP-252
E-MEXP-303
E-MEXP-452
E-MEXP-316
E-MEXP-236
E-MEXP-460
E-CBIL-4
E-CAGE-58
E-MEXP-409
E-TOXM-21
E-MEXP-380
E-TABM-25
E-MEXP-379
E-MEXP-323
E-MEXP-516
E-TOXM-19
E-TABM-33
E-MEXP-239
E-CAGE-51
E-NASC-58
E-EMBL-5
E-MEXP-332
E-TIGR-107
E-CAGE-49
E-MIMR-11
E-MEXP-299
E-RZPD-13
E-IPKG-1
E-MEXP-426
E-MEXP-407
E-MEXP-331
E-MEXP-140
E-TABM-23
E-TABM-39
E-MEXP-280
E-MARS-6
E-MEXP-330
E-AFMX-11
E-NASC-42
E-MEXP-311
E-MEXP-497
E-MEXP-276
E-MEXP-463
E-MEXP-295
E-MEXP-171
E-NASC-52
E-NASC-60
E-TIGR-125
E-MEXP-249
E-MEXP-348
E-HGMP-2
E-MEXP-343
E-MEXP-351
E-MEXP-413
E-MEXP-353
E-MAXD-4
E-MEXP-419
E-MEXP-328
E-MEXP-494
E-MEXP-344
E-NASC-41
E-TABM-68
E-MEXP-265
E-NASC-36
E-MEXP-434
E-TABM-2
E-TABM-6
E-MEXP-326
E-MEXP-18
E-MEXP-400
E-MEXP-327
E-MEXP-481
E-MEXP-480
E-MEXP-430
E-MEXP-248
E-MARS-5
E-MEXP-337
E-UMCU-12
E-MIMR-102
E-CAGE-44
E-MEXP-266
E-MIMR-3
E-MEXP-501
E-TOXM-18
E-CBIL-6
E-MEXP-267
E-NASC-47
E-MEXP-296
E-MAXD-2
E-TABM-8
E-MEXP-420
E-MEXP-358
E-MEXP-290
E-TABM-18
E-TABM-47
E-MEXP-503
E-MEXP-346
E-MEXP-444
E-MEXP-138
E-MEXP-502
E-TABM-1
E-MEXP-440
E-MEXP-261
E-MEXP-428
E-FPMI-4
E-TABM-35
E-MEXP-365
E-MEXP-354
E-CAGE-59
E-NASC-44
E-MEXP-466
E-MEXP-308
E-MEXP-263
E-MEXP-340
E-CAGE-31
E-TABM-50
E-MAXD-9
E-MEXP-505
E-MAXD-1
E-MEXP-487
E-MEXP-403