data number (legacy ID),article reference (TreeBase),Data Collection Article DOI,article reference,in ISI Web of Science? (Y/N),How many merged citation records?,WoS Cited by how many?,COMMENTS,Dropbox filenames (for multiple files or multiple citations),google scholar search,results of google spreadsheet query,link to google search results,Imported to Mendeley?
S1285,"Groenewald, M., J.Z. Groenewald, and P.W. Crous, Distinct species exist within the Cercospora apii morphotype. Phytopathology, 2005.",10.1094/PHYTO-95-0951,"Groenewald, M., J.Z. Groenewald, and P.W. Crous, Distinct species exist within the Cercospora apii morphotype. Phytopathology, 2005. 95: p.951",y ,1,17,,,"S1285 AND ""TreeBase""",1 (Data Collection ARticle)
S1350,"Chung, K.F., et al., Molecular systematics of the trans-Pacific alpine genus Oreomyrrhis (Apiaceae)- phylogenetic affinities and biogeography implications. American Journal of Botany, 2005.",10.3732/ajb.92.12.2054 ,"Chung, K.F., et al., Molecular systematics of the trans-Pacific alpine genus Oreomyrrhis (Apiaceae)- phylogenetic affinities and biogeography implications. American Journal of Botany, 2005. 92: p. 2054",y,1,11,,,"S1350 AND ""TreeBase""",2 (1 is Data Collection Article),http://scholar.google.com/scholar?hl=en&q=S1350+AND+%22TreeBase%22&btnG=Search&as_sdt=0%2C48&as_ylo=&as_vis=0,Y
S1341,"Wiklund, H., et al., Phylogeny of Aphroditiformia (Polychaeta) based on molecular and morphological data. Molecular Phylogenetics and Evolution, 2005.",10.1016/j.ympev.2005.07.005 ,"Wiklund, H., et al., Phylogeny of Aphroditiformia (Polychaeta) based on molecular and morphological data. Molecular Phylogenetics and Evolution, 2005. 37: p.494",y,1,12,,,"S1341 AND ""TreeBase""",1,http://scholar.google.com/scholar?hl=en&q=S1341+AND+%22TreeBase%22&btnG=Search&as_sdt=0%2C48&as_ylo=&as_vis=0,Y
S1567,"Schilthuizen, M., et al., Microgeographic snail shell evolution associated with behavioural divergence in their predator. Nature, 2005.",10.1554/06-114.1,"Schilthuizen, M., et al., Microgeographic snail shell evolution associated with behavioural divergence in their predator. Nature, 2005. 92: p.504",y,1,24,,,"S1567 AND ""TreeBase""",0
S1349,"Johnston, P.R. and D. Park, Chlorociboria (Fungi, Helotiales) in New Zealand. New Zealand Journal of Botany, 2005. 43.",10.1080/0028825X.2005.9512985,"Johnston, P.R. and D. Park, Chlorociboria (Fungi, Helotiales) in New Zealand. New Zealand Journal of Botany, 2005. 43: p.679",y,1,12,,,"S1349 AND ""TreeBase""",1,http://scholar.google.com/scholar?hl=en&q=S1349+AND+%22TreeBase%22&btnG=Search&as_sdt=0%2C48&as_ylo=&as_vis=0,y
S1356,"Areekul, B., et al., Molecular and morphological phylogeny of the parasitic wasp genus Yelicones Cameron (Braconidae: Rogadinae). European Journal of Entomology, 2005.",,"Areekul B., Mori M., Zaldivar-riveron A., & Quicke D. 2005. Molecular and morphological phylogeny of the parasitic wasp genus Yelicones Cameron (Braconidae: Rogadinae). European Journal of Entomology.",n,,,,,"S1356 AND ""TreeBase""",1 (Data Collection ARticle)
S1235,"Worsaae, K., Phylogeny of Nerillidae (Polychaeta, Annelida) as inferred from combined 18S rDNA and morphological data. Cladistics, 2005.",10.1111/j.1096-0031.2005.00058.x,"Worsaae, K., Phylogeny of Nerillidae (Polychaeta, Annelida) as inferred from combined 18S rDNA and morphological data. Cladistics, 2005.21: p.143",y,1,5,,,"S1235 AND ""TreeBase""",0
S1319,"Ford, B.A., et al., Phylogeny of Carex subg. Vignea (Cyperaceae) Based on non-coding nrDNA Sequence Data. Systematic Botany, 2005. 31: p. 70-82.",10.1600/036364406775971813,"Ford B., Iranpour M., Naczi R., Starr J., & Jerome C. 2005. Phylogeny of Carex subg. Vignea (Cyperaceae) Based on non-coding nrDNA Sequence Data. Systematic Botany, 31: 70-82.",n,,,,,"S1319 AND ""TreeBase""",2 (1 Data Collection Article),http://scholar.google.com/scholar?hl=en&q=S1319+AND+%22TreeBase%22&btnG=Search&as_sdt=0%2C48&as_ylo=&as_vis=0,y
S1262,"Edwards, C.E., D.E. Soltis, and P.S. Soltis, Molecular phylogeny of Conradina and other scrub mints (Lamiaceae) from the southeastern USA using nuclear ribosomal and plastid markers: Evidence for hybridization in Pleistocene refugia? Systematic Botany, 2005.",10.1186/1471-2148-4-40,"Nickrent D., Blarer A., Qiu Y., Vidal-russell R., & Anderson F. 2004. Phylogenetic inference in Rafflesiales: the influence of rate heterogeneity and horizontal gene transfer. BMC Evolutionary Biology, 5: pE38.",y,3,21,,,"S1262 AND ""TreeBase""",1 (Data Collection Article)
S1377,"Torres-Carvajal, O., J.A.S. Ii, and J.E. Cadle, Phylogenetic relationships of South American lizards of the genus Stenocercus (Squamata: Iguania): a new approach using a general mixture model for gene sequence data. Molecular Phylogenetics and Evolution, 2005.",10.1016/j.ympev.2005.09.007,"Torres-carvajal O., Ii J., & Cadle J. 2005. Phylogenetic relationships of South American lizards of the genus Stenocercus (Squamata: Iguania): a new approach using a general mixture model for gene sequence data. Molecular Phylogenetics and Evolution, null.",n,,,,,"S1377 AND ""TreeBase""",1 (Data Collection Article)
S1307,"Marek, P.E. and D.H. Kavanaugh, The evolutionary relationships of North American Diplous Motschulsky (Coleoptera: Carabidae: Patrobini) inferred from morphological and molecular evidence. Invertebrate Systematics, 2005.",10.1071/IS04011,"Marek, P.E. and D.H. Kavanaugh, The evolutionary relationships of North American Diplous Motschulsky (Coleoptera: Carabidae: Patrobini) inferred from morphological and molecular evidence. Invertebrate Systematics, 2005. 19: p.145",y,1,4,,,"S1307 AND ""TreeBase""",2,http://scholar.google.com/scholar?hl=en&q=S1307+AND+%22TreeBase%22&btnG=Search&as_sdt=0%2C48&as_ylo=&as_vis=0,y
S1415,"Blanco-Dios, J.B., et al., A new Sparassis from Spain described using morphological and molecular data. Mycological Research, 2005.",10.1007/s11557-005-0001-8,"Blanco-dios J., Wang Z., Binder M., & Hibbett D. 2005. A new Sparassis from Spain described using morphological and molecular data. Mycological Research, 109: p.1259.",y,1,3,,,"S1415 AND ""TreeBase""",6,http://scholar.google.com/scholar?hl=en&q=S1415+AND+%22TreeBase%22&btnG=Search&as_sdt=0%2C48&as_ylo=&as_vis=0,y
S1386,"Jansa, S.A., F.K. Barker, and L.R. Heaney, The pattern and timing of diversification of Philippine endemic rodents: evidence from mitochondrial and nuclear gene sequences. Systematic Biology, 2005",10.1080/10635150500431254,"Jansa S., Barker F., & Heaney L. 2005. The pattern and timing of diversification of Philippine endemic rodents: evidence from mitochondrial and nuclear gene sequences. Systematic Biology, null.",n,,,,,"S1386 AND ""TreeBase""",0
S1334,"Voigt, K., et al., Phylogenetic relationships between members of the crucifer pathogenic Leptosphaeria maculans species complex as shown by mating type (MAT1-2), actin and beta tubulin sequences. Molecular Phylogenetics and Evolution, 2005. 37(2): p. 541-557.",10.1016/j.ympev.2005.07.006 ,"Voigt, K., et al., Phylogenetic relationships between members of the crucifer pathogenic Leptosphaeria maculans species complex as shown by mating type (MAT1-2), actin and beta tubulin sequences. Molecular Phylogenetics and Evolution, 2005. 37(2): p. 541-557.",y,1,15,,,"S1334 AND ""TreeBase""",2 (1 is Data Collection Article),http://scholar.google.com/scholar?hl=en&q=S1334+AND+%22TreeBase%22&btnG=Search&as_sdt=0%2C48&as_ylo=&as_vis=0,y
S1243,"de Clerck, O., et al., Systematics of Grateloupia filicina (Halymeniaceae, Rhodophyta), based on rbcl sequence analyses and morphological evidence, including the reinstatement of G. minima and the description of G. capensis spec. nov. Journal of phycology, 2005. 41.",10.1111/j.1529-8817.2005.04189.x,"De clerck O., Gavio B., Barbara I., Fredericq S., & Coppejans E. 2005. Systematics of Grateloupia filicina (Halymeniaceae, Rhodophyta), based on rbcl sequence analyses and morphological evidence, including the reinstatement of G. minima and the description of G. capensis spec. nov. Journal of phycology, 41: p.391",y,1,22,,,"S1243 AND ""TreeBase""",1 (Data Collection Article)
S1281,"Cruz, F.B., et al., The importance of phylogenetic scale in tests of Bergmann's and Rapoport's rules: lessons from a clade of South American lizards. Journal of Evolutionary Biology, 2005.",10.1111/j.1420-9101.2005.00936.x,"Cruz, F.B., et al., The importance of phylogenetic scale in tests of Bergmann's and Rapoport's rules: lessons from a clade of South American lizards. Journal of Evolutionary Biology, 2005. 18: p.1559",y,1,29,,,"S1281 AND ""TreeBase""",1 (Data Collection Article)
S1316,"Braendli, L., et al., Evolutionary history of the greater white-toothed shrew (Crocidura russula) inferred from analysis of mtDNA, Y and X chromosome markers. Molecular Phylogenetics and Evolution, 2005.",10.1016/j.ympev.2005.06.019,"Braendli, L., et al., Evolutionary history of the greater white-toothed shrew (Crocidura russula) inferred from analysis of mtDNA, Y and X chromosome markers. Molecular Phylogenetics and Evolution, 2005. 37: p.832",y,1,2,,,"S1316 AND ""TreeBase""",2,http://scholar.google.com/scholar?hl=en&q=S1316+AND+%22TreeBase%22&btnG=Search&as_sdt=0%2C50&as_ylo=&as_vis=0,y
S1368,"Meerow, A.W., et al., Phylogenetic Relationships and Biogeography within the Eurasian Clade of Amaryllidaceae Based on Plastid ndhF and nrDNA ITS Sequences: Lineage Sorting in a Reticulate Area? Systematic Botany, 2005.",10.1600/036364406775971787,"Meerow A., Francisco-ortega J., Kuhn D., & Schnell R. 2005. Phylogenetic Relationships and Biogeography within the Eurasian Clade of Amaryllidaceae Based on Plastid ndhF and nrDNA ITS Sequences: Lineage Sorting in a Reticulate Area?. Systematic Botany, null.",n,,,,,"S1368 AND ""TreeBase""",2 (1 is Data Collection Article),http://scholar.google.com/scholar?hl=en&q=S1368+AND+%22TreeBase%22&btnG=Search&as_sdt=0%2C50&as_ylo=&as_vis=0,y
S1278,"Lindell, J., F.R. Méndez-de la Cruz, and R.W. Murphy, Deep genealogical history without population differentiation: discordance between mtDNA and allozyme divergence in the zebra tailed lizard (Callisaurus draconoides). Molecular Phylogenetics and Evolution, 2005.",10.1016/j.ympev.2005.04.031 ,"Lindell, J., F.R. Méndez-de la Cruz, and R.W. Murphy, Deep genealogical history without population differentiation: discordance between mtDNA and allozyme divergence in the zebra tailed lizard (Callisaurus draconoides). Molecular Phylogenetics and Evolution, 2005. 36: p.682",y,1,21,,,"S1278 AND ""TreeBase""",1 (Data Collection Article)
S1234,"Bleidorn, C., L. Vogt, and T. Bartolomaeus, Molecular Phylogeny of Lugworms (Annelida, Arenicolidae) inferred from three genes. Molecular Phylogenetics and Evolution, 2005. 34: p. 673-679.",10.1016/j.ympev.2004.11.019,"Bleidorn, C., L. Vogt, and T. Bartolomaeus, Molecular Phylogeny of Lugworms (Annelida, Arenicolidae) inferred from three genes. Molecular Phylogenetics and Evolution, 2005. 34: p. 673-679.",y,1,8,,,"S1234 AND ""TreeBase""",1,http://scholar.google.com/scholar?hl=en&q=S1234+AND+%22TreeBase%22&btnG=Search&as_sdt=0%2C50&as_ylo=&as_vis=0,y
S1419,"Rychel, A.L., et al., Evolution and Development of the Chordates: Collagen and Pharyngeal Cartilage. Molecular Biology and Evolution, 2005. 23: p. 1-9.",10.1093/molbev/msj055,"Rychel A., Smith S., Shimamoto H., & Swalla B. 2005. Evolution and Development of the Chordates: Collagen and Pharyngeal Cartilage. Molecular Biology and Evolution, 23: p.541",y,1,1,conflicting page numbers from treebase and ISI,,"S1419 AND ""TreeBase""",0
S1463,"Lee, J., et al., Recruitment of CRABS CLAW to promote nectary development within the eudicot clade. Development, 2005. 132: p. 5051-5032.",10.1242/dev.02067 ,"Lee J., Baum S., Oh S., Jiang C., Chen J., & Bowman J. 2005. Recruitment of CRABS CLAW to promote nectary development within the eudicot clade. Development, 132: p.5021",y,1,31,conflicting page numbers from treebase and ISI,,"S1463 AND ""TreeBase""",0
S1472,"Eckert, A.J. and B.D. Hall, Phylogeny, historical biogeography, and patterns of diversification for Pinus (Pinaceae) - phylogenetic tests of fossil-based hypotheses. Molecular Phylogenetics and Evolution, 2005.",10.1016/j.ympev.2006.03.009 ,"Eckert A., & Hall B. 2005. Phylogeny, historical biogeography, and patterns of diversification for Pinus (Pinaceae) - phylogenetic tests of fossil-based hypotheses. Molecular Phylogenetics and Evolution, null.",n,,,,,"S1472 AND ""TreeBase""",1 (Data Collection Article)
S2144,"Collado, J., et al., Studies on Morinia. Recognition of Morinia longiappendiculata sp. nov. as a new endophytic fungus, and a new circumscription of Morinia pestalozzioides. Mycologia, 2005. 98: p. 616-627.",10.3852/mycologia.98.4.616,"Collado J., Platas G., Bills G., Basilio A., Vicente M., Tormo J., Hernández P., Díez M., & Peláez F. 2005. Studies on Morinia. Recognition of Morinia longiappendiculata sp. nov. as a new endophytic fungus, and a new circumscription of Morinia pestalozzioides. Mycologia, 98: 616-627.",n,,,,,"S2144 AND ""TreeBase""",0
S1330,"Hansen, A.K., et al., Phylogenetic relationships and chromosome number evolution in Passiflora. Systematic Botany, 2005.",10.1600/036364406775971769,"Hansen, A., Gilbert, L., Simpson, B., Downie, S., Cervi, A., & Jansen, R. (2006). Phylogenetic relationships and chromosome number evolution in Passiflora. SYSTEMATIC BOTANY, 31(1), 138-150.",n,,12,Estephanie did not find this article in WoS because the article wasn't published until 2006.  I imported the citations from WoS to the Dropbox folder on 6/10/11 -jdc,,"S1330 AND ""TreeBase""",2 (1 Data Collection Article),http://scholar.google.com/scholar?hl=en&q=%22S1330%22+AND+%22TreeBase%22&btnG=Search&as_sdt=0%2C50&as_ylo=&as_vis=0,y,"Added quotes around ""S1330"" in search as original search returned 130 results"
S1306,"Takamatsu, S., et al., Phylogenetic relationships and generic affinity of Uncinula forestalis inferred from nuclear rDNA sequences. Mycological Research, 2005. 109.",10.1007/s10267-004-0205-9,"Takamatsu S., Niinomi S., Álvarez M., Álvarez R., Havrylenko M., & Braun U. 2005. Phylogenetic relationships and generic affinity of Uncinula forestalis inferred from nuclear rDNA sequences. Mycological Research, 109: p.903",y,1,16,,,"S1306 AND ""TreeBase""",1,http://scholar.google.com/scholar?hl=en&q=S1306+AND+%22TreeBase%22&btnG=Search&as_sdt=0%2C50&as_ylo=&as_vis=0,y
S1291,"Collins, A.G. and M. Daly, A new deepwater species of Stauromedusae, Lucernaria janetae (Cnidaria, Staurozoa, Lucernariidae), and a preliminary investigation of stauromedusan phylogeny based on nuclear and mitochondrial rDNA data. Biological Bulletin, 2005.",10.2307/3593154,"Collins A., & Daly M. 2005. A new deepwater species of Stauromedusae, Lucernaria janetae (Cnidaria, Staurozoa, Lucernariidae), and a preliminary investigation of stauromedusan phylogeny based on nuclear and mitochondrial rDNA data. Biological Bulletin, 208: p.221",y,1,14,,,"S1291 AND ""TreeBase""",0
S1343,"Butterworth, C.A. and R.S. Wallace, Molecular phylogenetics of the leafy cactus genus Pereskia (Cactaceae). Systematic Botany, 2005.",10.1600/036364405775097806,"Butterworth C., & Wallace R. 2005. Molecular phylogenetics of the leafy cactus genus Pereskia (Cactaceae). Systematic Botany, 30: p.800.",y,1,12,,,"S1343 AND ""TreeBase""",1 (Data Collection ARticle)
S1352,"Alsos, I.G., et al., Impact of ice ages on circumpolar molecular diversity: insight from an ecological key species. Molecular Ecology, 2005. 14: p. 2739-2753.",10.1111/j.1365-294X.2005.02621.x,"Alsos I., Engelskjøn T., Gielly L., Taberlet P., & Brochmann C. 2005. Impact of ice ages on circumpolar molecular diversity: insight from an ecological key species. Molecular Ecology, 14: 2739-2753.",y,1,65,,,"S1352 AND ""TreeBase""",1,http://scholar.google.com/scholar?hl=en&q=S1352+AND+%22TreeBase%22&btnG=Search&as_sdt=0%2C50&as_ylo=&as_vis=0,y
S1326,"Whittall, J.B., et al., The Mimulus moschatus Alliance (Phrymaceae): Molecular and Morphological Phylogenetics and their Conservation Implications. Systematic Botany, 2005.",10.1600/036364406777585810,"Whittall J., Carlson M., Meinke R., & Liston A. 2005. The Mimulus moschatus Alliance (Phrymaceae): Molecular and Morphological Phylogenetics and their Conservation Implications. Systematic Botany, null.",n,,,,,"S1326 AND ""TreeBase""",1 (Data Collection ARticle)
S1378,"Janssens, S.B., et al., Phylogenetics of Impatiens and Hydrocera (Balsaminaceae) using chloroplast atpB-rbcL spacer sequences. Systematic Botany, 2005.",10.1600/0363-6445(2006)31[171:poiahb]2.0.co;2,"Janssens S., Geuten K., Yuan Y., Song Y., Küpfer P., & Smets E. 2005. Phylogenetics of Impatiens and Hydrocera (Balsaminaceae) using chloroplast atpB-rbcL spacer sequences. Systematic Botany, null.",n,,,,,"S1378 AND ""TreeBase""",1 (Data Collection ARticle)
S1271,"van Coller, G.J., et al., Characterisation and pathogenicity of Cylindrocladiella spp. associated with root and cutting rot symptoms of grapevines in nurseries. Australasian Plant Pathology, 2005.",10.1071/AP05058,"Van coller G., Denman S., Groenewald J., Lamprecht S., & Crous P. 2005. Characterisation and pathogenicity of Cylindrocladiella spp. associated with root and cutting rot symptoms of grapevines in nurseries. Australasian Plant Pathology, null.",n,,,,,"S1271 AND ""TreeBase""",0
S1363,"Thorn, R.G., et al., A new poroid species of Resupinatus from Puerto Rico, with a reassessment of the cyphelloid genus Stigmatolemma. Mycologia, 2005.",10.3852/mycologia.97.5.1140,"Thorn R., Moncalvo J., Redhead S., Lodge D., & Martin M. 2005. A new poroid species of Resupinatus from Puerto Rico, with a reassessment of the cyphelloid genus Stigmatolemma. Mycologia, 97: p.1140.",y,1,3,,,"S1363 AND ""TreeBase""",1 (Data Collection ARticle)
S1324,"Agnarsson, I. and M. Kuntner, Madagascar: an unexpected hotspot of social Anelosimus spider diversity (Araneae: Theridiidae). Systematic Entomology, 2005.",10.1111/j.1365-3113.2005.00289.x,"Agnarsson, I. and M. Kuntner, Madagascar: an unexpected hotspot of social Anelosimus spider diversity (Araneae: Theridiidae). Systematic Entomology, 2005. 30: p.575",y,2,21,,,"S1324 AND ""TreeBase""",2,http://scholar.google.com/scholar?hl=en&q=S1324+AND+%22TreeBase%22&btnG=Search&as_sdt=0%2C50&as_ylo=&as_vis=0,y
S1236,"Schroers, H.J., et al., Classification of the guava wilt fungus Myxosporium psidii, the palm pathogen Gliocladium vermoesenii and the persimmon wilt fungus Acremonium diospyri in Nalanthamala. Mycologia, 2005.",10.3852/mycologia.97.2.375,"Schroers H., Geldenhuis M., Wingfield M., Schoeman M., & Wingfield B. 2005. Classification of the guava wilt fungus Myxosporium psidii, the palm pathogen Gliocladium vermoesenii and the persimmon wilt fungus Acremonium diospyri in Nalanthamala. Mycologia, 97: p.375.",y,1,4,,,"S1236 AND ""TreeBase""",0
S1276,"Wortley, A.H., et al., How Much Data is Needed to Resolve a Difficult Phylogeny? Case Study in Lamiales. Systematic Biology, 2005.",10.1080/10635150500221028,"Wortley A., Rudall P., Harris D., & Scotland R. 2005. How Much Data is Needed to Resolve a Difficult Phylogeny? Case Study in Lamiales. Systematic Biology, 54: p.697.",y,3,41,,,"S1276 AND ""TreeBase""",2,http://scholar.google.com/scholar?hl=en&q=S1276+AND+%22TreeBase%22&btnG=Search&as_sdt=0%2C50&as_ylo=&as_vis=0,y
S1294,"Hyakumachi, M., et al., New Anastomosis Groups, AG-T and AG-U, of Binucleate Rhizoctonia spp. Causing Root and Stem Rot of Cut-Flower and Miniature Roses. Phytopathology, 2005. 95.",10.1094/PHYTO-95-0784,"Hyakumachi M., Priyatmojo A., Kubota M., & Fukui H. 2005. New Anastomosis Groups, AG-T and AG-U, of Binucleate Rhizoctonia spp. Causing Root and Stem Rot of Cut-Flower and Miniature Roses. Phytopathology, 95: p.784.",y,1,9,,,"S1294 AND ""TreeBase""",1 (Data Collection ARticle)
S1258,"Moline, P.M. and H.P. Linder, Molecular phylogeny and generic delimitation in the Elegia group (Restionaceae, South Africa) based on a complete taxon sampling and four DNA chloroplast markers. Systematic Botany, 2005.",10.1600/036364405775097842,"Moline P., & Linder H. 2005. Molecular phylogeny and generic delimitation in the Elegia group (Restionaceae, South Africa) based on a complete taxon sampling and four DNA chloroplast markers. Systematic Botany, 30: p.759.",y,2,10,,,"S1258 AND ""TreeBase""",1 (Data Collection ARticle)
S1252,"Tronchet, F., et al., Monophyly and major clades of Meryta (Araliaceae). Systematic Botany, 2005.",10.1600/0363644054782279,"Tronchet F., Plunkett G., Jeremie J., & Ii P. 2005. Monophyly and major clades of Meryta (Araliaceae). Systematic Botany, 30: p.657.",y,1,9,,,"S1252 AND ""TreeBase""",1 (Data Collection ARticle)
S1359,"Zhang, L.B. and M.P. Simmons, Phylogeny and delimitation of the Celastrales inferred from nuclear and plastid genes. Systematic Botany, 2005.",10.1600/036364406775971778,"Zhang L., & Simmons M. 2005. Phylogeny and delimitation of the Celastrales inferred from nuclear and plastid genes. Systematic Botany, null.",n,,,,,"S1359 AND ""TreeBase""",1 (Data Collection ARticle)
S1275,"Phillips, A.J.L., et al., Morphology and phylogeny of Botryosphaeria dothidea causing fruit rot of olives. Mycopathologia, 2005.",10.1007/s11046-005-0256-2,"Phillips A., Rumbos I., Alves A., & Correia A. 2005. Morphology and phylogeny of Botryosphaeria dothidea causing fruit rot of olives. Mycopathologia, 97: p.513.",y,1,31,,,"S1275 AND ""TreeBase""",1,http://scholar.google.com/scholar?hl=en&q=S1275+AND+%22TreeBase%22&btnG=Search&as_sdt=0%2C50&as_ylo=&as_vis=0,y
S1333,"Hayashi, S., The Molecular Phylogeny of the Buccinidae (Caenogastropoda: Neogastropoda) as Inferred from the Complete Mitochondrial 16S rRNA Gene Sequences of Selected Representatives. Molluscan Research, 2005. 25.",,"Hayashi S. 2005. The Molecular Phylogeny of the Buccinidae (Caenogastropoda: Neogastropoda) as Inferred from the Complete Mitochondrial 16S rRNA Gene Sequences of Selected Representatives. Molluscan Research, 25: p.85",y,1,12,,,"S1333 AND ""TreeBase""",0
S1263,"Werner, O., et al., Preliminary investigation of the systematics of Didymodon (Pottiaceae, Musci) based on nrITS sequence data. Systematic Botany, 2005. 30.",10.1600/0363644054782198,"Werner O., Jimenez J., Ros R., Cano M., & Guerra J. 2005. Preliminary investigation of the systematics of Didymodon (Pottiaceae, Musci) based on nrITS sequence data. Systematic Botany, 30: p.461",y,1,10,,,"S1263 AND ""TreeBase""",0
S1231,"Wilson, N.G. and M.S.Y. Lee, Molecular phylogeny of Chromodoris (Mollusca, Nudibranchia) and the identification of a planar spawning clade. Molecular Phylogenetics and Evolution, 2005.",10.1016/j.ympev.2005.04.003 ,"Wilson, N.G. and M.S.Y. Lee, Molecular phylogeny of Chromodoris (Mollusca, Nudibranchia) and the identification of a planar spawning clade. Molecular Phylogenetics and Evolution, 2005. 36: p.722",y,1,5,,,"S1231 AND ""TreeBase""",1,http://scholar.google.com/scholar?hl=en&q=S1231+AND+%22TreeBase%22&btnG=Search&as_sdt=0%2C50&as_ylo=&as_vis=0,y
S1228,"Sakayaroj, J., et al., A phylogenetic study of the genus Haligena (Halosphaeriales, Ascomycota). Mycologia, 2005.",10.3852/mycologia.97.4.804,"Sakayaroj J., Pang K., Phongpaichit S., & Jones E. 2005. A phylogenetic study of the genus Haligena (Halosphaeriales, Ascomycota). Mycologia, 97: p.804.",y,1,1,,,"S1228 AND ""TreeBase""",2 (1 is Data Collection Article),http://scholar.google.com/scholar?hl=en&q=S1228+AND+%22TreeBase%22&btnG=Search&as_sdt=0%2C50&as_ylo=&as_vis=0,y
S1418,"Spencer, H.G., F.J. Brook, and M. Kennedy, Phylogeography of Kauri Snails and their allies from Northland, New Zealand (Mollusca: Gastropoda: Rhytididae: Paryphantinae). Molecular Phylogenetics and Evolution, 2005.",10.1016/j.ympev.2005.10.015 ,"Spencer H., Brook F., & Kennedy M. 2005. Phylogeography of Kauri Snails and their allies from Northland, New Zealand (Mollusca: Gastropoda: Rhytididae: Paryphantinae). Molecular Phylogenetics and Evolution, null.",n,,,,,"S1418 AND ""TreeBase""",0
S1500,"Manns, U. and A.A. Anderberg, Molecular phylogeny of Anagallis (Myrsinaceae) based on ITS, trnL-F and ndhF sequence data. International Journal of Plant Sciences, 2005. 166: p. 1019-1028.",10.1086/449318,"Manns, U. and A.A. Anderberg, Molecular phylogeny of Anagallis (Myrsinaceae) based on ITS, trnL-F and ndhF sequence data. International Journal of Plant Sciences, 2005. 166: p. 1019-1028.",y,1,6,,,"S1500 AND ""TreeBase""",0
S1335,"Hirose, S., et al., Molecular phylogeny and evolution of the maple powdery mildew (Sawadaea Miyabe; Erysiphaceae) inferred from nuclear rDNA sequences. Mycological Research, 2005. 109.",10.1017/S0953756205003527,"Hirose S., Tanda S., Kiss L., Grigaliunaite B., Havrylenko M., & Takamatsu S. 2005. Molecular phylogeny and evolution of the maple powdery mildew (Sawadaea Miyabe; Erysiphaceae) inferred from nuclear rDNA sequences. Mycological Research, 109: p.912",y,1,18,,,"S1335 AND ""TreeBase""",1,http://scholar.google.com/scholar?hl=en&q=S1335+AND+%22TreeBase%22&btnG=Search&as_sdt=0%2C50&as_ylo=&as_vis=0,y
S1425,"Luis, P., et al., Patchiness and Spatial Distribution of Laccase Genes of Ectomycorrhizal, Saprotrophic, and Unknown Basidiomycetes in the Upper Horizons of a Mixed Forest Cambisol. Microbial Ecology, 2005. 50: p. 570-579.",10.1007/s00248-005-5047-2,"Luis P., Kellner H., Zimdars B., Langer U., Martin F., & Buscot F. 2005. Patchiness and Spatial Distribution of Laccase Genes of Ectomycorrhizal, Saprotrophic, and Unknown Basidiomycetes in the Upper Horizons of a Mixed Forest Cambisol. Microbial Ecology, 50: 570-579.",y,1,33,,,"S1425 AND ""TreeBase""",0
S1323,"Vijaykrishna, D., R. Jeewon, and K.D. Hyde, Fusoidispora aquatica: A new ascomycete from Hong Kong based on morphology and phylogeny inferred from rDNA sequences. Sydowia, 2005. 57(2).",,"Vijaykrishna, D., R. Jeewon, and K.D. Hyde, Fusoidispora aquatica: A new ascomycete from Hong Kong based on morphology and phylogeny inferred from rDNA sequences. Sydowia, 2005. 57(2): 267",y,1,4,,,"S1323 AND ""TreeBase""",0
S1229,"Peters, J.L., et al., Phylogenetics of wigeons and allies (Anatidae: Anas): the importance of sampling multiple loci and multiple individuals. Molecular Phylogenetics and Evolution, 2005.",10.1016/j.ympev.2004.12.017,"Peters J., Mccracken K., Zhuravlev Y., Lu Y., Wilson R., Johnson K., & Omland K. 2005. Phylogenetics of wigeons and allies (Anatidae: Anas): the importance of sampling multiple loci and multiple individuals. Molecular Phylogenetics and Evolution, null.",n,,,,,"S1229 AND ""TreeBase""",1 (Data Collection Article)
S1232,"Ward, P.S., The ant genus Leptanilloides: discovery of the male and evaluation of phylogenetic relationships based on DNA sequence data. Memoirs of the American Entomological Institute, 2005.",,"Ward, P.S., The ant genus Leptanilloides: discovery of the male and evaluation of phylogenetic relationships based on DNA sequence data. Memoirs of the American Entomological Institute, 2005. 77: 647",y,1,1,article in the book Advances in ant systematics (Hymenoptera: Formicidae): homage to E. O. Wilson – 50 years of contributions,,"S1232 AND ""TreeBase""",0
S1242,"Les, D.H., M.L. Moody, and S.W.L. Jacobs, Phylogeny and Systematics of Aponogeton (Aponogetonaceae): The Australian Species. Systematic Botany, 2005.",10.1600/0363644054782215,"Les, D.H., M.L. Moody, and S.W.L. Jacobs, Phylogeny and Systematics of Aponogeton (Aponogetonaceae): The Australian Species. Systematic Botany, 2005. 30: 503",y,1,2,,,"S1242 AND ""TreeBase""",1 (Data Collection Article)
S1284,"Sanchez, J.A., Systematics of the bubblegum corals (Cnidaria: Octocorallia: Paragorgiidae) with description of new species from New Zealand and the Eastern Pacific. Zootaxa, 2005.",ISBN: 1-877407-18-6,"Sanchez, J.A., Systematics of the bubblegum corals (Cnidaria: Octocorallia: Paragorgiidae) with description of new species from New Zealand and the Eastern Pacific. Zootaxa, 2005.",y,1,13,,,"S1284 AND ""TreeBase""",0
S1648,"Trusty, J., et al., Molecular phylogenetics of the Macaronesian-endemic genus Bystgropogon (Lamiaceae): palaeoislands, ecological shifts, and interisland colonizations. Molecular Ecology, 2005. 14(4): p. 1177-1189.",10.1111/j.1365-294X.2005.02487.x,"Trusty J., Olmstead R., Santos-guerra A., Fontinha S., & Francisco-ortega J. 2005. Molecular phylogenetics of the Macaronesian-endemic genus Bystgropogon (Lamiaceae): palaeoislands, ecological shifts, and interisland colonizations. Molecular Ecology, 14(4): 1177-1189.",y,1,23,,,"S1648 AND ""TreeBase""",0
S1244,"Goetsch, L., A.J. Eckert, and B.D. Hall, The Molecular Systematics of Rhododendron (Ericaceae): A Phylogeny based upon RPB2 Gene Sequences. Systematic Botany, 2005.",10.1600/0363644054782170,"Goetsch, L., A.J. Eckert, and B.D. Hall, The Molecular Systematics of Rhododendron (Ericaceae): A Phylogeny based upon RPB2 Gene Sequences. Systematic Botany, 2005. 30: 616,",y,1,14,,,"S1244 AND ""TreeBase""",0
S2116,"Yang, Z.L., et al., New Asian species of the genus Anamika (euagarics, hebelomatoid clade) based on morphology and ribosomal DNA sequences. Mycological Research, 2005. 109: p. 1259-1267.",10.1016/S0953-7562(08)60250-6 ,"Yang Z., Matheny P., Ge Z., Slot J., & Hibbett D. 2005. New Asian species of the genus Anamika (euagarics, hebelomatoid clade) based on morphology and ribosomal DNA sequences. Mycological Research, 109: 1259-1267.",y,1,3,,,"S2116 AND ""TreeBase""",0
S1301,"Poux, C., et al., Asynchronous colonization of Madagascar by the four endemic clades of primates, tenrecs, carnivores and rodents as inferred from nuclear genes. Systematic Biology, 2005.",10.1080/10635150500234534,"Poux C., Madsen O., Marquard E., Vieites D., Jong W., & Vences M. 2005. Asynchronous colonization of Madagascar by the four endemic clades of primates, tenrecs, carnivores and rodents as inferred from nuclear genes. Systematic Biology, 54: 719.",y,1,53,,,"S1301 AND ""TreeBase""",0
S1325,"Agnarsson, I., A revision and phylogenetic analysis of the American ethicus and rupununi groups of Anelosimus (Araneae, Theridiidae). Zoologica Scripta, 2005. 34: p. 189-314.",10.1111/j.1463-6409.2005.00189.x,"Agnarsson, I., A revision and phylogenetic analysis of the American ethicus and rupununi groups of Anelosimus (Araneae, Theridiidae). Zoologica Scripta, 2005. 34: p. 189-314.",y,1,4,2 searches on ISI with 2 conflicting page #s,S1325a,"S1325 AND ""TreeBase""",0,,10.1111/j.1463-6409.2005.00189.x,"Agnarsson, I., A revision and phylogenetic analysis of the American ethicus and rupununi groups of Anelosimus (Araneae, Theridiidae). Zoologica Scripta, 2005. 34: 389",y,1,15,,S1325b," AND ""TreeBase""",0
S1305,"Wang, Z., M. Binder, and D.S. Hibbett, Aquatic discomycetes Mitrula (Helotiales, Ascomycota): life history and systematics based on cultural, morphological and molecular studies. American Journal of Botany, 2005. ",10.3732/ajb.92.9.1565,"Wang, Z., M. Binder, and D.S. Hibbett, Aquatic discomycetes Mitrula (Helotiales, Ascomycota): life history and systematics based on cultural, morphological and molecular studies. American Journal of Botany, 2005. 92: 1565",y,1,14,,,"S1305 AND ""TreeBase""",0
S1096,"Castillo, A.H., M.N. Cortinas, and E.P. Lessa, Rapid Diversification of Subterranean South American Tuco-tucos (Genus Ctenomys; Rodentia, Ctenomyidae): Contrasting Mitochondrial and Nuclear Intron Sequences. Journal of Mammalogy, 2005. 86(1): p. 170-179.",10.1644/1545-1542(2005)086<0170:RDOSAT>2.0.CO;2,"Castillo, A.H., M.N. Cortinas, and E.P. Lessa, Rapid Diversification of Subterranean South American Tuco-tucos (Genus Ctenomys; Rodentia, Ctenomyidae): Contrasting Mitochondrial and Nuclear Intron Sequences. Journal of Mammalogy, 2005. 86(1): p. 170-179.",y,1,22,,,"S1096 AND ""TreeBase""",0
S1379,"Hsieh, H.M., Y.M. Ju, and J.D. Rogers, Molecular phylogeny of Hypoxylon and closely related genera. Mycologia, 2005. 97: p. 844-865.",10.3852/mycologia.97.4.844,"Hsieh, H.M., Y.M. Ju, and J.D. Rogers, Molecular phylogeny of Hypoxylon and closely related genera. Mycologia, 2005. 97: p. 844-865.",y,1,29,,,"S1379 AND ""TreeBase""",0
S1223,"Hernández Fernández, M. and E.S. Vrba, A complete estimate of the phylogenetic relationships in Ruminantia: a dated species-level supertree of the extant ruminants. Biological Reviews, 2005.",10.1017/S1464793104006670,"Hernández Fernández, M. and E.S. Vrba, A complete estimate of the phylogenetic relationships in Ruminantia: a dated species-level supertree of the extant ruminants. Biological Reviews, 2005. 80: 269",y,1,31,,,"S1223 AND ""TreeBase""",1,http://scholar.google.com/scholar?hl=en&q=S1223+AND+%22TreeBase%22&btnG=Search&as_sdt=0%2C50&as_ylo=&as_vis=0,y
S1257,"Kennedy, M., et al., Untangling long branches: Identifying conflicting phylogenetic signals using spectral analysis, Neighbor-Net, and consensus networks. Systematic Biology, 2005.",10.1080/106351591007462,"Kennedy M., Holland B., Gray R., & Spencer H. 2005. Untangling long branches: Identifying conflicting phylogenetic signals using spectral analysis, Neighbor-Net, and consensus networks. Systematic Biology, 54: 620.",y,1,24,,,"S1257 AND ""TreeBase""",1 (Data Collection Article)
S1292,"Hassan, N.S., J. Thiede, and S. Liede-Schumann, Phylogenetic analysis of Sesuvioideae (Aizoaceae) inferred from nrDNA internal transcribed spacer (ITS) sequences and morphological data. Plant Systematics and Evolution, 2005.",10.1007/s00606-005-0357-x,"Hassan, N.S., J. Thiede, and S. Liede-Schumann, Phylogenetic analysis of Sesuvioideae (Aizoaceae) inferred from nrDNA internal transcribed spacer (ITS) sequences and morphological data. Plant Systematics and Evolution, 2005. 255: 121.",y,1,3,,,"S1292 AND ""TreeBase""",1 (Data Collection Article)
S1277,"Limkaisang, S., et al., Molecular phylogenetic and morphological analyses of Oidium heveae, a powdery mildew of rubber tree. Mycologia, 2005.",10.1007/s10267-005-0238-8,"Limkaisang S., Kom-un S., Furtado E., Liew K., Salleh B., Sato Y., & Takamatsu S. 2005. Molecular phylogenetic and morphological analyses of Oidium heveae, a powdery mildew of rubber tree. Mycoscience, 46: 220.",y,1,3,conflicting journal names from TreeBase and ISI ,,"S1277 AND ""TreeBase""",2 (1 Data Collection Article),http://scholar.google.com/scholar?hl=en&q=S1277+AND+%22TreeBase%22&btnG=Search&as_sdt=0%2C50&as_ylo=&as_vis=0,y
S1512,"Liu, Y., et al., A Taxonomic Reassessment of Microdendron Inferred from Molecular and Morphological Evidence. The Bryologist, 2005. 108: p. 591-599.",10.1639/0007-2745(2005)108[0591:ATROMI]2.0.CO;2,"Liu Y., Jia Y., Wang W., Chen Z., & Qiu Y. 2005. A Taxonomic Reassessment of Microdendron Inferred from Molecular and Morphological Evidence. The Bryologist, 108: 591-599.",y,1,2,,,"S1512 AND ""TreeBase""",0
S1355,"Osmundson, T.W., C.L. Cripps, and G.M. Mueller, Morphological and molecular systematics of Rocky Mountain alpine Laccaria. Mycologia, 2005.",10.3852/mycologia.97.5.949,"Osmundson, T.W., C.L. Cripps, and G.M. Mueller, Morphological and molecular systematics of Rocky Mountain alpine Laccaria. Mycologia, 2005. 97: 949.",y,1,2,,,"S1355 AND ""TreeBase""",1 (Data Collection Article)
S1383,"Collins, A.G., et al., Medusozoan phylogeny and character evolution clarified by new large and small subunit rDNA data and an assessment of the utility of phylogenetic mixture models. Systematic Biology, 2005.",10.1080/10635150500433615,"Collins A., Schuchert P., Marques A., Jankowski T., Medina M., & Schierwater B. 2005. Medusozoan phylogeny and character evolution clarified by new large and small subunit rDNA data and an assessment of the utility of phylogenetic mixture models. Systematic Biology, null.",n,,,,,"S1383 AND ""TreeBase""",1 (Data Collection Article)
S1247,"Bischoff, J.F., P. Chaverri, and J.F.W. Jr, Clarification of the host substrate of Ascopolyporus and description of Ascopolyporus philodendrus sp. nov. Mycologia, 2005.",10.3852/mycologia.97.3.710,"Bischoff, J.F., P. Chaverri, and J.F.W. Jr, Clarification of the host substrate of Ascopolyporus and description of Ascopolyporus philodendrus sp. nov. Mycologia, 2005. 97: 710.",y,1,4,,,"S1247 AND ""TreeBase""",0
S1268,"Burnette, A.B., T.H. Struck, and K. Halanych, Holopelagic Poeobius meseres ('Poeobiidae', Annelida) is derived from benthic Flabelligerid worms. Biological Bulletin, 2005. 208: p. 213-220.",10.2307/3593153,"Burnette, A.B., T.H. Struck, and K. Halanych, Holopelagic Poeobius meseres ('Poeobiidae', Annelida) is derived from benthic Flabelligerid worms. Biological Bulletin, 2005. 208: p. 213-220.",y,1,17,,,"S1268 AND ""TreeBase""",1 (Data Collection Article)
S1303,"Taylor, D.J., H.L. Sprenger, and S. Ishida, Geographic and phylogenetic evidence for dispersed nuclear introgression in a daphniid with sexual propagules. Molecular Ecology, 2005. 14: p. 525-537.",10.1111/j.1365-294X.2005.02415.x,"Taylor, D.J., H.L. Sprenger, and S. Ishida, Geographic and phylogenetic evidence for dispersed nuclear introgression in a daphniid with sexual propagules. Molecular Ecology, 2005. 14: p. 525-537.",y,1,17,,,"S1303 AND ""TreeBase""",0
S1290,"Scharaschkin, T. and J.A. Doyle, Phylogeny and Historical Biogeography of Anaxagorea (Annonaceae) Using Morphology and Non-Coding Chloroplast Sequence Data. Systematic Botany, 2005.",10.1600/036364405775097888,"Scharaschkin, T. and J.A. Doyle, Phylogeny and Historical Biogeography of Anaxagorea (Annonaceae) Using Morphology and Non-Coding Chloroplast Sequence Data. Systematic Botany, 2005. 30: 712",y,1,12,,,"S1290 AND ""TreeBase""",0
S1354,"Struck, T.H., G. Purschke, and K.M. Halanych, Phylogeny of Eunicida (Annelida) and Exploring Data Congruence using a Partition Addition Bootstrap Alteration (PABA) Approach. Systematic Biology, 2005.",10.1080/10635150500354910,"Struck, T.H., G. Purschke, and K.M. Halanych, Phylogeny of Eunicida (Annelida) and Exploring Data Congruence using a Partition Addition Bootstrap Alteration (PABA) Approach. Systematic Biology, 2005. 54: 1.",y,1,1,,,"S1354 AND ""TreeBase""",1 (Data Collection Article)
S1171,"Bills, G.F., et al., Hormonema carpetanum, sp. nov., a new lineage of dothideaceous black yeasts from Spain. Mycological Progress, 2005.",,"Bills G., Collado J., Ruibal C., Peláez F., & Platas G. 2005. Hormonema carpetanum, sp. nov., a new lineage of dothideaceous black yeasts from Spain. Mycological Progress, null.",n,,,article published in 2004 - is in WoS with 4 citing articles,,"S1171 AND ""TreeBase""",0
S1388,"Lartillot, N. and H. Philippe, Computing Bayes factors by thermodynamic integration. Systematic Biology, 2005.",10.1080/10635150500433722,"Lartillot, N. and H. Philippe, Computing Bayes factors by thermodynamic integration. Systematic Biology, 2005. 54: 743.",y,1,69,,,"S1388 AND ""TreeBase""",2 (1 Data Collection Article),http://scholar.google.com/scholar?hl=en&q=S1388+AND+%22TreeBase%22&btnG=Search&as_sdt=0%2C50&as_ylo=&as_vis=0,y
S1416,"Verbruggen, H., et al., Evolution and phylogeography of Halimeda section Halimeda. Molecular Phylogenetics and Evolution, 2005. 37: p. 789-803.",10.1016/j.ympev.2005.06.015,"Verbruggen H., Clerck O., Schils T., Kooistra W., & Coppejans E. 2005. Evolution and phylogeography of Halimeda section Halimeda. Molecular Phylogenetics and Evolution, 37: 789-803.",y,1,13,,,"S1416 AND ""TreeBase""",0
S1309,"Uit de Weerd, D.R. and E. Gittenberger, Towards a monophyletic genus Albinaria: the first molecular study into the phylogenetic position of eastern Albinaria species. Zoological Journal of the Linnean Society, 2005. 143: p. 531-542.",10.1111/j.1096-3642.2005.00154.x,,n,,,,,"S1309 AND ""TreeBase""",0
S1551,"Yanagida, N., et al., New choke diseases and their molecular phylogenetic analysis in Agropyron ciliare var. minus and Agropyron tsukushiense var. transiens. Mycologia, 2005. 97: p. 1287-1291.",10.3852/mycologia.97.6.1287,"Yanagida N., Irie T., Tanaka E., Teramoto C., Kuwabara K., & Tajimi A. 2005. New choke diseases and their molecular phylogenetic analysis in Agropyron ciliare var. minus and Agropyron tsukushiense var. transiens. Mycologia, 97: 1287-1291.",y,1,1,,,"S1551 AND ""TreeBase""",0
S1293,"Persson, J. and F. Pleijel, On the phylogenetic relationships of Axiokebuita, Travisia and Scalibregmatidae (Polychaeta). Zootaxa, 2005.",,"Persson, J. and F. Pleijel, On the phylogenetic relationships of Axiokebuita, Travisia and Scalibregmatidae (Polychaeta). Zootaxa, 2005.",y,1,5,,,"S1293 AND ""TreeBase""",1 (Data Collection Article)
S1191,"Martins, T.R. and T.J. Barkman, Reconstruction of Solanaceae phylogeny using the nuclear gene SAMT. Systematic Botany, 2005. 30(2): p. 435-447.",10.1600/0363644054223675,"Martins, T.R. and T.J. Barkman, Reconstruction of Solanaceae phylogeny using the nuclear gene SAMT. Systematic Botany, 2005. 30(2): p. 435-447.",y,1,17,,,"S1191 AND ""TreeBase""",1 (Data Collection Article)
S1270,"Wilson, A.W. and D.E. Desjardin, Phylogenetic relationships between Gymnopus, Marasmius, Marasmiellus and related fungi (Basidiomycetes, euagarics clade). Mycologia, 2005.",10.3852/mycologia.97.3.667,"Wilson, A.W. and D.E. Desjardin, Phylogenetic relationships between Gymnopus, Marasmius, Marasmiellus and related fungi (Basidiomycetes, euagarics clade). Mycologia, 2005. 97: 667. ",y,1,24,,,"S1270 AND ""TreeBase""",1 (Data Collection Article)
S1310,"Verboom, G.A., A phylogeny of the schoenoid sedges (Cyperaceae: Schoeneae) based on plastid DNA sequences, with special reference to the genera found in Africa. Molecular Phylogenetics and Evolution, 2005.",10.1016/j.ympev.2005.05.012,"Verboom G. 2005. A phylogeny of the schoenoid sedges (Cyperaceae: Schoeneae) based on plastid DNA sequences, with special reference to the genera found in Africa. Molecular Phylogenetics and Evolution, null.",n,,,,,"S1310 AND ""TreeBase""",1 (Data Collection Article)
S1373,"Liu, J.Q., et al., Radiation and diversification within the Ligularia-Cremanthodium-Parasenecio complex (Asteraceae) triggered by uplift of the Qinghai-Tibetan Plateau. Molecular Phylogenetics and Evolution, 2005.",10.1016/j.ympev.2005.09.010,"Liu J., Wang Y., Wang A., Hideaki O., & Abbott R. 2005. Radiation and diversification within the Ligularia-Cremanthodium-Parasenecio complex (Asteraceae) triggered by uplift of the Qinghai-Tibetan Plateau. Molecular Phylogenetics and Evolution, null.",n,,,,,"S1373 AND ""TreeBase""",0
S1364,"Stone, R.D., Phylogeny of major lineages in Melastomataceae, subfamily Olisbeoideae: utility of nuclear glyceraldehyde 3-phosphate dehydrogenase (GapC) gene sequences. Systematic Botany, 2005.",10.1600/036364406775971741,,n,,,Published in 2006,,"S1364 AND ""TreeBase""",1 (Data Collection Article)
S1458,"Glover, A.G., et al., World-wide whale worms? A new species of Osedax from the shallow north Atlantic. Proceedings of the Royal Society B, 2005. 272: p. 2587-2592.",10.1098/rspb.2005.3275,"Glover A., Källström B., Smith C., & Dahlgren T. 2005. World-wide whale worms? A new species of Osedax from the shallow north Atlantic. Proceedings of the Royal Society B, 272: 2587-2592.",y,1,37,,,"S1458 AND ""TreeBase""",0
S1313,"Inderbitzin, P., et al., Lateral transfer of mating system in Stemphylium. Proceedings of the National Academy of Sciences of the United States of America, 2005.",10.1073/pnas.0501918102,"Inderbitzin P., Harkness J., Turgeon B., & Berbee M. 2005. Lateral transfer of mating system in Stemphylium. Proceedings of the National Academy of Sciences of the United States of America, 102: 11390.",y,1,18,"2 ISI search found with different volume #, but same page#",S1313a,"S1313 AND ""TreeBase""",1 (Data Collection Article),,10.1073/pnas.0501918102,"Inderbitzin P., Harkness J., Turgeon B., & Berbee M. 2005. Lateral transfer of mating system in Stemphylium. Proceedings of the National Academy of Sciences of the United States of America, 32: 11390.",y,1,1,Correct should be Vol: 102(32). - jdc,S1313b
S1351,"Luque, J., S. Martos, and A.J.L. Phillips, Botryosphaeria viticola sp. nov. on grapevines: a new species with a Dothiorella anamorph. Mycologia, 2005.",10.3852/mycologia.97.5.1111,"Luque, J., S. Martos, and A.J.L. Phillips, Botryosphaeria viticola sp. nov. on grapevines: a new species with a Dothiorella anamorph. Mycologia, 2005. 97: 1111.",y,1,19,,,"S1351 AND ""TreeBase""",1 (Data Collection Article)
S1311,"Bleidorn, C., Phylogenetic Relationships and Evolution of Orbiniidae (Annelida, Polychaeta) based on molecular data. Zoological Journal of the Linnean Society, 2005. 144: p. 59-73.",10.1111/j.1096-3642.2005.00160.x,"Bleidorn, C., Phylogenetic Relationships and Evolution of Orbiniidae (Annelida, Polychaeta) based on molecular data. Zoological Journal of the Linnean Society, 2005. 144: p. 59-73.",y,1,21,,,"S1311 AND ""TreeBase""",0
S1314,"Avila, A., et al., Characterisation and epitypification of Pseudocercospora cladosporioides, the causal organism of Cercospora leaf spot of olives. Mycological Research, 2005.",10.1017/S0953756205003503,"Avila A., Groenewald J., Trapero A., & Crous P. 2005. Characterisation and epitypification of Pseudocercospora cladosporioides, the causal organism of Cercospora leaf spot of olives. Mycological Research, 109: 881.",y,1,5,,,"S1314 AND ""TreeBase""",0
S1372,"Du, M., et al., Using Mating-Type Gene Sequences for Improved Phylogenetic Resolution of Colletotrichum Species Complexes. Mycologia, 2005. 97: p. 641-658.",10.3852/mycologia.97.3.641,"Du M., Schardl C., Nuckles E., & Vaillancourt L. 2005. Using Mating-Type Gene Sequences for Improved Phylogenetic Resolution of Colletotrichum Species Complexes. Mycologia, 97: 611. ",y,1,1,conflicting ISI and TreeBase page #,,"S1372 AND ""TreeBase""",0
S1225,"Kristensen, R., et al., Phylogeny and toxigenic potential is correlated in Fusarium species as revealed by partial translation elongation factor 1 alpha gene sequences. Mycological Research, 2005. 109.",10.1017/S0953756204002114 ,"Kristensen R., Torp M., Kosiak B., & Holst-jensen A. 2005. Phylogeny and toxigenic potential is correlated in Fusarium species as revealed by partial translation elongation factor 1 alpha gene sequences. Mycological Research, 109: 173.",y,1,30,,,"S1225 AND ""TreeBase""",0
S1327,"Edwards, E.J., R. Nyffeler, and M.J. Donoghue, Basal cactus phylogeny: Pereskia paraphyly and implications for early cactus evolution. American Journal of Botany, 2005. 92: p. 1177-1188.",10.3732/ajb.92.7.1177,"Edwards, E.J., R. Nyffeler, and M.J. Donoghue, Basal cactus phylogeny: Pereskia paraphyly and implications for early cactus evolution. American Journal of Botany, 2005. 92: p. 1177-1188.",y,1,35,,,"S1327 AND ""TreeBase""",0
S1385,"Rolshausen, P.E., et al., A re-assessment of the species concept in Eutypa lata, the causal agent of Eutypa dieback of grapevine. Phytopathology, 2005.",10.1094/PHYTO-96-0369,"Rolshausen P., Mahoney N., Molyneux R., & Gubler W. 2005. A re-assessment of the species concept in Eutypa lata, the causal agent of Eutypa dieback of grapevine. Phytopathology, null.",y,1,1,,,"S1385 AND ""TreeBase""",1 (Data Collection Article)
S1347,"Neinhuis, C., et al., Phylogeny of Aristolochiaceae based on parsimony, likelihood, and Bayesian analyses of trnL-trnF sequences. Plant Systematics and Evolution, 2005. 250: p. 7-26.",10.1007/s00606-004-0217-0,"Neinhuis C., Wanke S., Hilu K., Müller K., & Borsch T. 2005. Phylogeny of Aristolochiaceae based on parsimony, likelihood, and Bayesian analyses of trnL-trnF sequences. Plant Systematics and Evolution, 250: 7-26.",y,1,27,,,"S1347 AND ""TreeBase""",0
S1203,"Kirkbride Jr, J.H., A phylogeny of CucumisÀúCucumella (Cucurbitaceae) based on morphological characters. Systematic Botany, 2005. 30.",,,n,,,,,"S1203 AND ""TreeBase""",0
S1265,"Albach, D.C., T. Utteridge, and S.J. Wagstaff, Origin of Veroniceae (Plantaginaceae, formerly Scrophulariaceae) on New Guinea. Systematic Botany, 2005. 30.",10.1600/0363644054223666,"Albach, D.C., T. Utteridge, and S.J. Wagstaff, Origin of Veroniceae (Plantaginaceae, formerly Scrophulariaceae) on New Guinea. Systematic Botany, 2005. 30: 412",y,1,14,2 ISI search found with same volume# but different page#,S1265a,"S1265 AND ""TreeBase""",1,http://scholar.google.com/scholar?hl=en&q=S1265+AND+%22TreeBase%22&btnG=Search&as_sdt=0%2C50&as_ylo=&as_vis=0,no (not related to treebase. S. number was supplement to article) a different treebase dataset was cited,,10.1600/0363644054223666,"Albach, D.C., T. Utteridge, and S.J. Wagstaff, Origin of Veroniceae (Plantaginaceae, formerly Scrophulariaceae) on New Guinea. Systematic Botany, 2005. 30: 410",y,1,2,,S1265b
S1390,"Verboom, G.A. and R. Ntsohi, Molecular phylogeny of African Rytidosperma-affiliated danthonioid grasses reveals generic polyphyly and convergent evolution in spikelet morphology. Taxon, 2005.",10.2307/25065581,,n,,,,,"S1390 AND ""TreeBase""",0
S1256,"Heenan, P.B., et al., Relationships of the New Zealand mountain ribbonwoods (Hoheria glabrata and H. lyallii: Malvaceae), based on molecular and morphological data. New Zealand Journal of Botany, 2005.",10.1080/0028825X.2005.9512973,"Heenan P., Dawson M., Redmond D., & Wagstaff S. 2005. Relationships of the New Zealand mountain ribbonwoods (Hoheria glabrata and H. lyallii: Malvaceae), based on molecular and morphological data. New Zealand Journal of Botany, 43: 527.",y,1,2,3 ISI searches found with same volume# but different page#s,S1256a,"S1256 AND ""TreeBase""",1 (Data Collection Article),,,"Heenan P., Dawson M., Redmond D., & Wagstaff S. 2005. Relationships of the New Zealand mountain ribbonwoods (Hoheria glabrata and H. lyallii: Malvaceae), based on molecular and morphological data. New Zealand Journal of Botany, 43: 817.",y,1,3,,S1256b,,,"Heenan P., Dawson M., Redmond D., & Wagstaff S. 2005. Relationships of the New Zealand mountain ribbonwoods (Hoheria glabrata and H. lyallii: Malvaceae), based on molecular and morphological data. New Zealand Journal of Botany, 43: 831.",y,1,3,,S1256c
S1395,"Hambleton, S., N.L. Nickerson, and K.A. Seifert, Leohumicola, a new genus of heat-resistant hyphomycetes. Studies in Mycology, 2005. 53: p. 27-50.",10.3114/sim.53.1.29,"Hambleton, S., N.L. Nickerson, and K.A. Seifert, Leohumicola, a new genus of heat-resistant hyphomycetes. Studies in Mycology, 2005. 53: 1",y,1,37,2 ISI searches found with same volume# but different page#s,S1395a,"S1395 AND ""TreeBase""",2 (1 Data Collection Article),http://scholar.google.com/scholar?hl=en&q=S1395+AND+%22TreeBase%22&btnG=Search&as_sdt=0%2C50&as_ylo=&as_vis=0,y,,,"Hambleton, S., N.L. Nickerson, and K.A. Seifert, Leohumicola, a new genus of heat-resistant hyphomycetes. Studies in Mycology, 2005. 53: 29",y,1,6,,S1395b
S1594,"Groenewald, M., et al., Host range of Cercospora apii and C. beticola, and description of C. apiicola, a novel species from celery. Mycologia, 2005. 98: p. 275-285.",10.3852/mycologia.98.2.275,,n,,,,,"S1594 AND ""TreeBase""",0
S1279,"Chaverri, P., et al., Hypocrella macrostroma, a new species of Hypocrella and its phylogenetic relationships to other species with large stromata. Mycological Research, 2005.",10.1017/S0953756205003904,"Chaverri P., Bischoff J., Liu M., & Hodge K. 2005. Hypocrella macrostroma, a new species of Hypocrella and its phylogenetic relationships to other species with large stromata. Mycological Research, 109: 1268.",y,1,9,,,"S1279 AND ""TreeBase""",2 (both Data Collection Article),http://scholar.google.com/scholar?hl=en&q=S1279+AND+%22TreeBase%22&btnG=Search&as_sdt=0%2C50&as_ylo=&as_vis=0,n
S1249,"Crawford, A.J. and E.N. Smith, Cenozoic biogeography and evolution in direct-developing frogs of Central America (Leptodactylidae: <i>Eleutherodactylus</i>) as inferred from a phylogenetic analysis of nuclear and mitochondrial genes. Molecular Phylogenetics and Evolution, 2005.",10.1016/j.ympev.2005.03.006,"Crawford, A.J. and E.N. Smith, Cenozoic biogeography and evolution in direct-developing frogs of Central America (Leptodactylidae: <i>Eleutherodactylus</i>) as inferred from a phylogenetic analysis of nuclear and mitochondrial genes. Molecular Phylogenetics and Evolution, 2005. 35: 536",y,1,41,,,"S1249 AND ""TreeBase""",1 (Data Collection Article)
S1298,"Stoll, M., D. Begerow, and F. Oberwinkler, Molecular phylogeny of Ustilago, Sporisorium, and related taxa based on combined analyses of rDNA sequences. Mycological Research, 2005. 109(3): p. 342-56.",10.1017/S0953756204002229,"Stoll, M., D. Begerow, and F. Oberwinkler, Molecular phylogeny of Ustilago, Sporisorium, and related taxa based on combined analyses of rDNA sequences. Mycological Research, 2005. 109(3): p. 342-56.",y,1,19,,,"S1298 AND ""TreeBase""",1,http://scholar.google.com/scholar?hl=en&q=S1298+AND+%22TreeBase%22&btnG=Search&as_sdt=0%2C50&as_ylo=&as_vis=0,y
S1215,"Sogonov, M.V., et al., The type species of the genus Gnomonia, G. gnomon, and the closely related G. setacea. Sydowia, 2005.",,"Sogonov M., Castlebury L., Rossman A., Farr D., & White J. 2005. The type species of the genus Gnomonia, G. gnomon, and the closely related G. setacea. Sydowia, 57: 102.",y,1,4,,,"S1215 AND ""TreeBase""",0
S1267,"Gilbert, C., et al., Phylogenetic relationships within Phacelia subgenus Phacelia (Hydrophyllaceae) inferred from nuclear rDNA ITS sequence data. Systematic Botany, 2005.",10.1600/0363644054782251,"Gilbert C., Dempcy J., Ganong C., Patterson R., & Spicer G. 2005. Phylogenetic relationships within Phacelia subgenus Phacelia (Hydrophyllaceae) inferred from nuclear rDNA ITS sequence data. Systematic Botany, 30: 627.",y,1,3,,,"S1267 AND ""TreeBase""",0
S1430,"Brinkmann, H., et al., An empirical Assessment of Long Branch Attraction Artefacts in Deep Eukaryotic Phylogenomics. Systematic Biology, 2005.",10.1080/10635150500234609,"Brinkmann H., Giezen M., Zhou Y., Raucourt G., & Philippe H. 2005. An empirical Assessment of Long Branch Attraction Artefacts in Deep Eukaryotic Phylogenomics. Systematic Biology, 54: 743.",y,1,69,,,"S1430 AND ""TreeBase""",0
S1282,"Verbruggen, H., et al., Molecular and morphometric data pinpoint species boundaries in Halimeda section Rhipsalis (Bryopsidales, Chlorophyta). Journal of Phycology, 2005. 41.",10.1111/j.1529-8817.2005.00083.x,"Verbruggen H., Clerck O., Kooistra W., & Coppejans E. 2005. Molecular and morphometric data pinpoint species boundaries in Halimeda section Rhipsalis (Bryopsidales, Chlorophyta). Journal of Phycology, 41: 126. ",y,1,17,2 ISI searches found with same volume# but different page#s,S1282a,"S1282 AND ""TreeBase""",0,,10.1111/j.1529-8817.2005.00083.x,"Verbruggen H., Clerck O., Kooistra W., & Coppejans E. 2005. Molecular and morphometric data pinpoint species boundaries in Halimeda section Rhipsalis (Bryopsidales, Chlorophyta). Journal of Phycology, 41: 606. ",y,1,21,,S1282b
S1375,"Oh, S. and D. Potter, Molecular phylogenetic systematics and biogeography of tribe Neillieae (Rosaceae) using DNA sequennces of cpDNA, rDNA, and LEAFy. American Journal of Botany, 2005. 92: p. 179-192.",10.3732/ajb.92.1.179,"Oh, S. and D. Potter, Molecular phylogenetic systematics and biogeography of tribe Neillieae (Rosaceae) using DNA sequennces of cpDNA, rDNA, and LEAFy. American Journal of Botany, 2005. 92: p. 179-192.",y,1,31,,,"S1375 AND ""TreeBase""",0
S1358,"McDade, L.A., et al., Phylogenetic Relationships Among Acantheae (Acanthaceae): Major Lineages Present Contrasting Patterns of Molecular Evolution and Morphological Differentiation. Systematic Botany, 2005. 30(4).",10.1600/036364405775097734,"Mcdade L., Daniel T., Kiel C., & Vollesen K. 2005. Phylogenetic Relationships Among Acantheae (Acanthaceae): Major Lineages Present Contrasting Patterns of Molecular Evolution and Morphological Differentiation. Systematic Botany, 30(4): 834.",y,1,14,,,"S1358 AND ""TreeBase""",1 (Data Collection Article)
S1413,"Huyse, T. and F.A.M. Volckaert, Comparing Host and Parasite Phylogenies: Gyrodactylus Flatworms Jumping from Goby to Goby. Systematic Biology, 2005.",10.1080/10635150500221036,"Huyse, T. and F.A.M. Volckaert, Comparing Host and Parasite Phylogenies: Gyrodactylus Flatworms Jumping from Goby to Goby. Systematic Biology, 2005, 54: 710.",y,3,21,,,"S1413 AND ""TreeBase""",0
S1344,"Hansen, K., B. Perry, and D.H. Pfister, Phylogenetic origins of two cleistothecial fungi, Orbicula parietina and Lasiobolidium orbiculoides, within the operculate discomycetes. Mycologia, 2005.",10.3852/mycologia.97.5.1023,"Hansen, K., B. Perry, and D.H. Pfister, Phylogenetic origins of two cleistothecial fungi, Orbicula parietina and Lasiobolidium orbiculoides, within the operculate discomycetes. Mycologia, 2005, 97: 1023",y,1,5,,,"S1344 AND ""TreeBase""",1,http://scholar.google.com/scholar?hl=en&q=S1344+AND+%22TreeBase%22&btnG=Search&as_sdt=0%2C50&as_ylo=&as_vis=0
S1460,"Asher, R.J. and M. Hofreiter, Tenrec Phylogeny and the Noninvasive Extraction of Nuclear DNA. Systematic Biology, 2005.",10.1080/10635150500433649,,n,,,published in 2006,,"S1460 AND ""TreeBase""",1 (Data Collection Article)
S1336,"Garzón, C.D., D.M. Geiser, and G.W. Moorman, Amplified Fragment Length Polymorphism Analysis and Internal Transcribed Spacer and coxII Sequences Reveal a Species Boundary Within Pythium irregulare. Phytopathology, 2005.",10.1094/PHYTO-95-1489,"Garzón, C.D., D.M. Geiser, and G.W. Moorman, 2005. Amplified Fragment Length Polymorphism Analysis and Internal Transcribed Spacer and coxII Sequences Reveal a Species Boundary Within Pythium irregulare. Phytopathology. 95: 1489",y,1,7,,,"S1336 AND ""TreeBase""",2 (1 Data collection article),http://scholar.google.com/scholar?hl=en&q=S1336+AND+%22TreeBase%22&btnG=Search&as_sdt=0%2C50&as_ylo=&as_vis=0
S1338,"Rønsted, N., et al., 60 million years of co-divergence in the fig-wasp symbiosis. Proceedings of the Royal Society B, 2005.",10.1098/rspb.2005.3249,"Rønsted N., Weiblen G., Cook J., Salamin N., Machado C., & Savolainen V. 2005. 60 million years of co-divergence in the fig-wasp symbiosis. Proceedings of the Royal Society B, 272: 2593.",y,1,65,,,"S1338 AND ""TreeBase""",0
S1227,"Hansen, K., K.F. LoBuglio, and D.H. Pfister, Evolutionary relationships of the cup-fungus genus Peziza and Pezizaceae inferred from multiple nuclear genes: RPB2, Beta-tubulin, and LSU rDNA. Molecular Phylogenetics and Evolution, 2005.",10.1016/j.ympev.2005.03.010 ,"Hansen, K., K.F. LoBuglio, and D.H. Pfister, 2005. Evolutionary relationships of the cup-fungus genus Peziza and Pezizaceae inferred from multiple nuclear genes: RPB2, Beta-tubulin, and LSU rDNA. Molecular Phylogenetics and Evolution. 36: 1.",y,1,20,,,"S1227 AND ""TreeBase""",0
S1389,"Poux, C., et al., Arrival and diversification of caviomorph rodents and platyrrhine primates in South America. Systematic Biology, 2005.",10.1080/10635150500481390,"Poux C., Chevret P., Huchon D., Jong W., & Douzery E. 2005. Arrival and diversification of caviomorph rodents and platyrrhine primates in South America. Systematic Biology, 54: 719.",y,1,53,,,"S1389 AND ""TreeBase""",2 (1 data collection article),http://scholar.google.com/scholar?hl=en&q=S1389+AND+%22TreeBase%22&btnG=Search&as_sdt=0%2C50&as_ylo=&as_vis=0,y
S1601,"Ritz, C.M., et al., Different evolutionary histories of two Phragmidium species infecting the same dog rose hosts. Mycological Research, 2005. 109: p. 603-609.",10.1016/S0953-7562(08)61457-4 ,"Ritz C., Maier W., Oberwinkler F., & Wissemann V. 2005. Different evolutionary histories of two Phragmidium species infecting the same dog rose hosts. Mycological Research, 109: 603-609.",y,1,5,,,"S1601 AND ""TreeBase""",0
S1362,"Ogawa, Y., et al., Intraspecific groups of Umbelopsis ramanniana inferred from nucleotide sequences of nuclear rDNA internal transcribed spacer regions and sporangiospore morphology. Mycoscience, 2005.",10.1007/s10267-005-0257-5,"Ogawa Y., Suda A., Kusama-eguchi K., Watanabe K., & Tokumasu S. 2005. Intraspecific groups of Umbelopsis ramanniana inferred from nucleotide sequences of nuclear rDNA internal transcribed spacer regions and sporangiospore morphology. Mycoscience, 46: 343.",y,1,2,,,"S1362 AND ""TreeBase""",1 (Data Collection Article)
S1369,"Feng, Y., S. Oh, and P.S. Manos, Phylogeny and Historical Biogeography of the Genus Platanus as Inferred From Nuclear and Chloroplast DNA. Systematic Botany, 2005. 30.",10.1600/036364405775097851,"Feng, Y., S. Oh, and P.S. Manos, Phylogeny and Historical Biogeography of the Genus Platanus as Inferred From Nuclear and Chloroplast DNA. Systematic Botany, 2005. 30: 786",y,1,14,,,"S1369 AND ""TreeBase""",2 (1 data collection article),http://scholar.google.com/scholar?hl=en&q=S1369+AND+%22TreeBase%22&btnG=Search&as_sdt=0%2C50&as_ylo=&as_vis=0,y
S1339,"Struck, T.H., G. Purschke, and K.M. Halanych, A scaleless scale worm: Molecular evidence for the phylogenetic placement of Pisione remota (Pisionidae, Annelida). Marine Biology Research, 2005. 1.",10.1080/17451000500261951,"Struck, T.H., G. Purschke, and K.M. Halanych, A scaleless scale worm: Molecular evidence for the phylogenetic placement of Pisione remota (Pisionidae, Annelida). Marine Biology Research, 2005. 1: 243. ",y,1,13,,,"S1339 AND ""TreeBase""",1,http://scholar.google.com/scholar?hl=en&q=S1339+AND+%22TreeBase%22&btnG=Search&as_sdt=0%2C50&as_ylo=&as_vis=0,y
S1273,"Penneys, D.S. and W.S. Judd, A systematic revision and cladistic analysis of Charianthus (Melastomataceae) using morphological and molecular characters. Systematic Botany, 2005. 30.",10.1600/0363644054782125,"Penneys, D.S. and W.S. Judd, A systematic revision and cladistic analysis of Charianthus (Melastomataceae) using morphological and molecular characters. Systematic Botany, 2005. 30: 559. ",y,1,6,,,"S1273 AND ""TreeBase""",0
S1455,"Lee, S.R., I.K. Lee, and Y. Suh, Molecular evidence for recognizing Antithamnion sparsum (Ceramiales, Rhodophyta) at the species level. Phycologia, 2005. 44: p. 530-535.",10.2216/0031-8884(2005)44[530:MEFRAS]2.0.CO;2,"Lee, S.R., I.K. Lee, and Y. Suh, Molecular evidence for recognizing Antithamnion sparsum (Ceramiales, Rhodophyta) at the species level. Phycologia, 2005. 44: p. 530-535.",y,1,2,,,"S1455 AND ""TreeBase""",0
S1261,"Zerega, N.J.C., D. Ragone, and T.J. Motley, Systematics and Species Limits of Breadfruit (Artocarpus, Moraceae). Systematic Botany, 2005.",10.1600/0363644054782134,"Zerega, N.J.C., D. Ragone, and T.J. Motley, 2005. Systematics and Species Limits of Breadfruit (Artocarpus, Moraceae). Systematic Botany, 30: 603",y,1,11,,,"S1261 AND ""TreeBase""",1 (Data Collection Article)
S1153,"Gernandt, D.S., et al., Phylogeny and classification of Pinus. Taxon, 2005. 54: p. 29-42.",10.2307/25065300,"Gernandt D., Geada lópez G., Ortiz garcía S., & Liston A. 2005. Phylogeny and classification of Pinus. Taxon, 54: 29-42.",y,1,61,,,"S1153 AND ""TreeBase""",1,http://scholar.google.com/scholar?hl=en&q=S1153+AND+%22TreeBase%22&btnG=Search&as_sdt=0%2C50&as_ylo=&as_vis=0,y
S1400,"Blanco, O., et al., Major clades of parmelioid lichens (Parmeliaceae, Ascomycota) and the evolution of their morphological and chemical diversity. Molecular Phylogenetics and Evolution, 2005.",10.1016/j.ympev.2005.12.015 ,"Blanco O., Crespo A., Ree R., & Lumbsch H. 2005. Major clades of parmelioid lichens (Parmeliaceae, Ascomycota) and the evolution of their morphological and chemical diversity. Molecular Phylogenetics and Evolution, null.",n,,,,,"S1400 AND ""TreeBase""",1 (Data Collection Article),,,"added quotes to ""s1400"" in search as received 250 hits at first"
S1360,"Matheny, P.B. and N.L. Bougher, The new genus Auritella from Africa and Australia (Inocybaceae, Agaricales): molecular systematics, taxonomy and historical biogeography. Mycological Progress, 2005.",10.1007/s11557-005-0001-8,"Matheny, P.B. and N.L. Bougher, 2005. The new genus Auritella from Africa and Australia (Inocybaceae, Agaricales): molecular systematics, taxonomy and historical biogeography. Australasian Mycolog, 24: 7.",y,1,2,conflicting journal name on TreeBase and ISI search,,"S1360 AND ""TreeBase""",2 (both Data Collection Article)
S1403,"Rüber, L., R. Britz, and R. Zardoya, Molecular phylogenetics and evolutionary diversification of labyrinth fishes (Perciformes; Anabantoidei). Systematic Biology, 2005.",10.1080/10635150500541664,,n,,,published in 2006,,"S1403 AND ""TreeBase""",0
S1302,"Fischer, W.M. and J.D. Palmer, Evidence from small-subunit ribosomal RNA sequences for a fungal origin of Microsporidia. Molecular Phylogenetics and Evolution, 2005.",10.1016/j.ympev.2005.03.031,"Fischer, W.M. and J.D. Palmer, 2005. Evidence from small-subunit ribosomal RNA sequences for a fungal origin of Microsporidia. Molecular Phylogenetics and Evolution, 36: 606.",y,1,11,"2 ISI searches found with same year and journal article, but different volume# and page#",S1302a,"S1302 AND ""TreeBase""",0,,,"Fischer, W.M. and J.D. Palmer, 2005. Evidence from small-subunit ribosomal RNA sequences for a fungal origin of Microsporidia. Molecular Phylogenetics and Evolution, 30: 325",y,1,1,,S1302b
S1212,"Harrington, M.G., et al., Phylogenetic inference in Sapindaceae sensu lato using plastid matK and rbcL DNA sequences. Systematic Botany, 2005. 30(2).",10.1600/0363644054223549,"Harrington M., Edwards K., Johnson S., Chase M., & Gadek P. 2005. Phylogenetic inference in Sapindaceae sensu lato using plastid matK and rbcL DNA sequences. Systematic Botany, 30(2): 366.",y,1,21,,,"S1212 AND ""TreeBase""",0
S1250,"Luckow, M., et al., The phylogenetic affinities of two mysterious monotypic mimosoids from southern South America. Systematic Botany, 2005.",10.1600/0363644054782206,"Luckow M., Fortunato R., Sede S., & Livshultz T. 2005. The phylogenetic affinities of two mysterious monotypic mimosoids from southern South America. Systematic Botany, 30: 585.",y,1,5,,,"S1250 AND ""TreeBase""",1 (Data Collection Article)
S1260,"Peterson, S.W., et al., Penicillium coffeae a new endophytic species isolated from a coffee plant and its phylogenetic relationship to P. fellutanum, P. thiersii and P. brocae based on parsimony analysis of multilocus DNA sequences. Mycologia, 2005.",10.3852/mycologia.97.3.659,"Peterson S., Vega F., Posada F., & Nagai C. 2005. Penicillium coffeae a new endophytic species isolated from a coffee plant and its phylogenetic relationship to P. fellutanum, P. thiersii and P. brocae based on parsimony analysis of multilocus DNA sequences. Mycologia, 97: 659.",y,1,8,,,"S1260 AND ""TreeBase""",0
S1381,"Choudhury, A. and V. León-Règagnon, Molecular phylogenetics and biogeography of Bunodera spp. (Trematoda: Allocreadiidae), parasites of percid and gasterosteid fishes. Canadian Journal of Zoology, 2005.",10.1139/z05-153,"Choudhury, A. and V. León-Règagnon. 2005. Molecular phylogenetics and biogeography of Bunodera spp. (Trematoda: Allocreadiidae), parasites of percid and gasterosteid fishes. Canadian Journal of Zoology, 83: 1540.",y,1,4,,,"S1381 AND ""TreeBase""",1 (Data Collection Article)
S1230,"Mols, J.B., et al., Morphological character evolution in the miliusoid clade (Annonaceae). International Journal of Plant Sciences, 2005.",,"Mols J., Co D., Gravendeel B., Chatrou L., Pirie M., Ham R., Marle E., & Kessler P. 2005. Morphological character evolution in the miliusoid clade (Annonaceae). International Journal of Plant Sciences, null.",n,,,,,"S1230 AND ""TreeBase""",0
S1485,"Alverson, A.J. and L. Kolnick, Intragenomic nucleotide polymorphism among SSU rDNA paralogs in the diatom genus Skeletonema. Journal of Phycology, 2005. 41: p. 1248-1257.",10.1111/j.1529-8817.2005.00136.x,"Alverson, A.J. and L. Kolnick, Intragenomic nucleotide polymorphism among SSU rDNA paralogs in the diatom genus Skeletonema. Journal of Phycology, 2005. 41: p. 1248-1257.",y,1,21,,,"S1485 AND ""TreeBase""",0
S1224,"Gillespie, L.J. and R.J. Soreng, A Phylogenetic Analysis of the Bluegrass Genus Poa Based on cpDNA Restriction Site Data. Systematic Botany, 2005.",10.1600/0363644053661940,"Gillespie, L.J. and R.J. Soreng. 2005. A Phylogenetic Analysis of the Bluegrass Genus Poa Based on cpDNA Restriction Site Data. Systematic Botany, 30: 84.",y,1,14,,,"S1224 AND ""TreeBase""",1 (Data Collection Article)
S1392,"Kocyan A., Renner S., Simmons M., Zhang L., & Zhang L. 2005. Phylogeny of the Cucurbitales based on DNA sequences of nine loci from three genomes: implications for morphological and sexual system evolution. Molecular Phylogenetics and Evolution, null.",10.1016/j.ympev.2005.10.002,"Kocyan A., Renner S., Simmons M., Zhang L., & Zhang L. 2005. Phylogeny of the Cucurbitales based on DNA sequences of nine loci from three genomes: implications for morphological and sexual system evolution. Molecular Phylogenetics and Evolution, null.",n,,,,,"S1392 AND ""TreeBase""",2 (1 data collection article),http://scholar.google.com/scholar?hl=en&q=S1392+AND+%22TreeBase%22&btnG=Search&as_sdt=0%2C50&as_ylo=&as_vis=0,y
S1384,"Collins, A.G., et al., Solution to the phylogenetic enigma of Tetraplatia, a worm-shaped cnidarian. Biology Letters, 2005.",10.1098/rsbl.2005.0372,"Collins A., Bentlage B., Matsumoto G., Haddock S., Osborn K., & Schierwater B. 2005. Solution to the phylogenetic enigma of Tetraplatia, a worm-shaped cnidarian. Biology Bulletin-US, 208: 221.",y,1,14,ISI and TreeBase search have same year but different journal names,,"S1384 AND ""TreeBase""",0
S1237,"Weisrock, D.W., L.J. Harmon, and A. Larson, Phylogenetic Relationships among Salamander Families: Analyses of Mitochondrial and Nuclear Genomic Data. Systematic Biology, 2005.",10.1080/10635150500234641,"Weisrock, D.W., L.J. Harmon, and A. Larson, 2005. Phylogenetic Relationships among Salamander Families: Analyses of Mitochondrial and Nuclear Genomic Data. Systematic Biology, 54: 758",y,1,25,,,"S1237 AND ""TreeBase""",1 (Data Collection Article)
S1274,"Warwick, S.I. and C.A. Sauder, Phylogeny of tribe Brassiceae (Brassicaceae) based on chloroplast restriction site polymorphisms and nuclear ribosomal internal transcribed spacer (ITS) and chloroplast trnL intron sequences. Canadian Journal of Botany, 2005.",10.1139/b05-021,"Warwick, S.I. and C.A. Sauder, 2005. Phylogeny of tribe Brassiceae (Brassicaceae) based on chloroplast restriction site polymorphisms and nuclear ribosomal internal transcribed spacer (ITS) and chloroplast trnL intron sequences. Canadian Journal of Botany, 83: 467.",y,1,29,,,"S1274 AND ""TreeBase""",2 (1 data collection article),http://scholar.google.com/scholar?hl=en&q=S1274+AND+%22TreeBase%22&btnG=Search&as_sdt=0%2C50&as_ylo=&as_vis=0,y
S1253,"Stone, J.K. and D.S. Gernandt, A reassessment of Hemiphacidium, Rhabdocline, and Sarcotrochila (Hemiphacidiaceae). Mycotaxon, 2005. 91: p. 115-126.",,"Stone, J.K. and D.S. Gernandt, A reassessment of Hemiphacidium, Rhabdocline, and Sarcotrochila (Hemiphacidiaceae). Mycotaxon, 2005. 91: p. 115-126.",y,1,2,,,"S1253 AND ""TreeBase""",0
S1219,"Munshi-South, J. and G.S. Wilkinson, Diet influences life span in parrots (Order: Psittaciformes). Auk, 2005."
S1328,"Yoo, M.J., et al., Divergence Times and Historical Biogeography of Nymphaeles. Systematic Botany, 2005."
S1345,"Creer, S., et al., Optimal Intron Analyses in the Trimeresurus Radiation of Asian Pitvipers. Systematic Biology, 2005."
S1422,"Kergoat, G.J., et al., Both host-plant phylogeny and chemistry have shaped the African seed-beetle radiation. Molecular Phylogenetics and Evolution, 2005. 35: p. 602-611."
S1269,"Wagstaff, S.J., I. Breitwieser, and U. Swenson, Origin and relationships of the austral genus Abrotanella (Asteraceae) inferred from DNA sequences. TAXON, 2005."
S1357,"Baldwin, B.G., Origin of the serpentine-endemic herb Layia discoidea from the widespread L. glandulosa (Compositae). Evolution, 2005. 59: p. 2473-2479."
S1318,"Taylor, A.F.S., et al., Detection of species within the Xerocomus subtomentosus complex in Europe using rDNA-ITS sequences. Mycological Research, 2005."
S1304,"Devos, N., et al., Nuclear ribosomal DNA sequence variation and evolution of spotted marsh-orchids (Dactylorhiza maculata group). Molecular Phylogenetics and Evolution, 2005."
S1254,"Lopez-Vaamonde, C., et al., The evolution of host use and unusual reproductive strategies in Achrysocharoides parasitoid wasps. Journal of Evolutionary Biology, 2005."
S1454,"Casa, A.M., et al., Diversity and selection in sorghum: simultaneous analyses using simple sequence repeats (SSRs). Theoretical Applied Genetics, 2005. 111: p. 23-30."
S1405,"Plana, V., R.M. Bateman, and J.J.F.E.d. Wilde, Morphological and molecular cladistic analysis of the fleshy-fruited African sections of Begonia. Systematic Botany, 2005."
S1300,"Fisher, K.M., Monography and the PhyloCode: a practical example from the moss clade Leucophanella. Systematic Botany, 2005."
S1401,"Ribera, I., J. Mateu, and X. Bellés, Phylogenetic relationships of Dalyat mirabilis Mateu, 2002, with a revised molecular phylogeny of ground beetles (Coleoptera, Carabidae). Journal of Zoological Systematics and Evolutionary Research, 2005. 43(4): p. 284-296."
S1393,"Hambleton, S. and L. Sigler, Meliniomyces, a new anamorph genus for root-associated fungi with phylogenetic affinities to Rhizoscyphus ericae (&#8801; Hymenoscyphus ericae), Leotiomycetes. Studies in Mycology, 2005. 53: p. 1-26."
S1295,"Steppan, S.J., et al., Multigene phylogeny of the Old World mice, Murinae, reveals distinct geographic lineages and the declining utility of mitochondrial genes compared to nuclear genes. Molecular Phylogenetics and Evolution, 2005."
S1366,"Guggisberg, A., F. Bretagnolle, and G. Mansion, Allopolyploid origin of the Mediterranean endemic, Centaurium bianoris (Gentianaceae), inferred by molecular markers. Systematic Botany, 2005."
S1374,"Zaldivar-Riveron, A., M. Mori, and D.L.J. Quicke, Systematics of the cyclostome subfamilies of braconid parasitic wasps (Hymenoptera: Ichneumonoidea): a simultaneous molecular and morphological Bayesian approach. Molecular Phylogenetics and Evolution, 2005."
S1255,"Gaubert, P., et al., Mosaic of Convergences, Noise and Misleading Morphological Phylogenies: what's in a Viverrid-like Carnivoran? Systematic Biology, 2005."
S1348,"Struck, T.H. and G. Purschke, The Sister Group Relationship of Aeolosomatidae and Potamodrilidae (Annelida: ""Polychaeta"") ÀÜ A Molecular Phylogenetic Approach Based on 18S rDNA and Cytochrome Oxidase I. Zoologischer Anzeiger, 2005. 243: p. 281-293."
S1376,"O'Brien, H.E., J. Miadlikowska, and F. Lutzoni, Assessing host specialization in symbiotic cyanobacteria associated with four closely related species of the lichen fungus Peltigera. European Journal of Phycology, 2005."
S1312,"Stanley, W.T. and L.E. Olson, Phylogeny, phylogeography, and geographic variation of Sylvisorex howelli (Family Soricidae), an endemic shrew of the Eastern Arc Mountains, Tanzania. Journal of Zoology, 2005."
S1406,"Applequist, W.L., et al., Molecular evidence resolving the systematic position of Hectorella. Systematic Botany, 2005."
S1392,"Zhang, L.B., et al., Phylogeny of the Cucurbitales based on DNA sequences of nine loci from three genomes: implications for morphological and sexual system evolution. Molecular Phylogenetics and Evolution, 2005."
S1370,"Wilkin, P., et al., A Plastid Gene Phylogeny of the Yam Genus, Dioscorea: Roots, Fruits and Madagascar. Systematic Botany, 2005. 30(4)."
S1340,"Struck, T.H., K.M. Halanych, and G. Purschke, Dinophilidae (Annelida) is most likely not a progenetic Eunicida; Evidence from 18S and 28S rDNA. Molecular Phylogenetics and Evolution, 2005."
S1280,"Ogawa, Y., et al., Taxonomic position of the genus Ramicandelaber, Kickxellales, inferred from 18S rDNA. Nippon Kingakukai Kaiho, 2005. 46."
S1411,"Druzhinina, I., et al., An oligonucleotide barcode for species identification on Trichoderma and Hypocrea. Fungal Genetics and Biology, 2005. 42: p. 813-828."
S1297,"Simurda, M.C., D.C. Marshall, and J.S. Knox, Phylogeography of the narrow endemic, Helenium virginicum (Asteraceae), based upon ITS sequence comparisons. Systematic Botany, 2005."
S1264,"Campbell, J., et al., A re-evaluation of Lulworthiales: relationships based on 18S and 28S rDNA. Mycologia, 2005."
S1417,"Burgess, T.I., P.A. Barber, and G.E.S.J. Hardy, Botryosphaeria spp. associated with eucalypts in Western Australia, including the description of Fusicoccum macroclavatum sp. nov. Australasian Plant Pathology, 2005. 34(4): p. 557-567."
S1315,"Chaverri, P., et al., Regiocrella, a new entomopathogenic genus with a pycnidial anamorph and its phylogenetic placement in the Clavicipitaceae. Mycologia, 2005."
S1218,"Verkley, G.J.M., et al., Paraconiothyrium, a new genus to accommodate the mycoparasite Coniothyrium minitans, anamorphs of Paraphaeosphaeria, and four new species. Studies in Mycology, 2005. 50."
S1266,"Aedo, C., et al., Taxonomic revision of Geranium sect. Dissecta (Geraniaceae). Systematic Botany, 2005."
S1397,"Devos, N., et al., The evolution of Dactylorhiza (Orchidaceae) allotetraploid complex: insights from nrDNA sequences and cpDNA PCR-RFLP data. Molecular Phylogenetics and Evolution, 2005."
S1329,"Vieira, G.H.C., G.R. Colli, and S.N. Báo, Phylogenetic relationships of corytophanid lizards (Iguania, Squamata, Reptilia) based on partitioned and total evidence analyses of sperm morphology, gross morphology, and DNA data. Zoologica Scripta, 2005."
S1289,"Wilkie, P., et al., Phylogenetic Relationships within the Subfamily Sterculioideae (Malvaceae/Sterculiaceae-Sterculieae) using the Chloroplast gene ndhF. Systematic Botany, 2005."